Airline,FlightNumber,Origin,Op. days,Equipment,Service type,Seats,Departure time,Hub time,Arrival time,Seats,Service type,Equipment,Op. days,Arrival,FlightNumber,Airline
6E,164,NMI,1234567,32N,J,1302,22:30:00,00:05:00,,,,,,,,
IX,1542,LKO,1234567,7M8,J,1134,21:25:00,00:05:00,,,,,,,,
IX,1070,DEL,1234567,7M8,J,1134,21:15:00,00:10:00,,,,,,,,
CX,623,HKG, 2 4  7,333,J,786,20:55:00,00:10:00,,,,,,,,
CX,623,HKG,1 3 56 ,359,J,840,20:55:00,00:10:00,,,,,,,,
6E,499,VNS,1234567,32Q,J,1624,21:15:00,00:10:00,,,,,,,,
JL,753,NRT, 2  5 7,788,J,558,18:55:00,00:15:00,,,,,,,,
,,,,,,,,00:15:00,03:10:00,164,J,32N,4,DEL,2758,AI
,,,,,,,,00:15:00,03:10:00,984,J,32N,123 567,DEL,2758,AI
6E,5388,BOM,1234567,32Q,J,1540,22:10:00,00:20:00,,,,,,,,
9I,548,GOI,2,AT7,J,70,22:50:00,00:25:00,,,,,,,,
AI,2412,DEL,1234567,32N,J,1148,21:30:00,00:25:00,,,,,,,,
,,,,,,,,00:30:00,06:10:00,860,J,739,12 4 6 ,DMK,217,SL
SG,555,BOM,1234567,73J,J,1484,22:30:00,00:30:00,,,,,,,,
LH,764,MUC,2,359,J,293,12:05:00,00:30:00,,,,,,,,
LH,764,MUC,1 3 5 7,359,J,1068,12:05:00,00:30:00,,,,,,,,
6E,573,CCU,1234567,32Q,J,1624,22:00:00,00:40:00,,,,,,,,
,,,,,,,,00:40:00,07:30:00,1218,J,73H,1234567,KUL,193,MH
6E,691,TRV,7,32Q,J,232,23:25:00,00:45:00,,,,,,,,
6E,691,TRV,12,32Q,J,464,23:25:00,00:45:00,,,,,,,,
IX,1382,CCU,1234567,7M8,J,1232,22:05:00,00:45:00,,,,,,,,
6E,691,TRV,  3 5  ,32Q,J,464,23:25:00,00:45:00,,,,,,,,
6E,691,TRV,6,32Q,J,232,23:25:00,00:45:00,,,,,,,,
6E,691,TRV,4,32Q,J,232,23:25:00,00:45:00,,,,,,,,
QP,1350,DEL,1234567,7M8,J,1295,21:55:00,00:50:00,,,,,,,,
6E,901,GOI,3,32Q,J,232,23:30:00,00:50:00,,,,,,,,
6E,901,GOI,4,32Q,J,232,23:30:00,00:50:00,,,,,,,,
6E,901,GOI,7,32Q,J,232,23:30:00,00:50:00,,,,,,,,
6E,901,GOI, 2  5  ,32Q,J,464,23:30:00,00:50:00,,,,,,,,
6E,901,GOI,6,32Q,J,232,23:30:00,00:50:00,,,,,,,,
,,,,,,,,00:50:00,10:20:00,1302,J,32N,1234567,DPS,1605,6E
6E,846,DEL,1234567,32Q,J,1540,22:00:00,00:55:00,,,,,,,,
,,,,,,,,00:55:00,06:20:00,2260,J,359,1234567,BKK,326,TG
6E,949,HYD,7,32Q,J,232,23:40:00,01:00:00,,,,,,,,
,,,,,,,,01:00:00,02:50:00,880,J,32Q, 23 5 7,BOM,5293,6E
6E,949,HYD,5,32Q,J,232,23:40:00,01:00:00,,,,,,,,
6E,949,HYD,2,32Q,J,232,23:40:00,01:00:00,,,,,,,,
9I,519,HYD,5,AT7,J,70,23:05:00,01:00:00,,,,,,,,
6E,949,HYD,4,32Q,J,232,23:40:00,01:00:00,,,,,,,,
,,,,,,,,01:00:00,02:50:00,660,J,32Q,1  4 6 ,BOM,5293,6E
6E,906,LKO,1234567,32Q,J,1624,22:20:00,01:00:00,,,,,,,,
6E,949,HYD,6,32Q,J,232,23:40:00,01:00:00,,,,,,,,
,,,,,,,,01:00:00,03:50:00,880,J,32Q,12 4 6 ,DEL,839,6E
,,,,,,,,01:00:00,03:50:00,660,J,32Q,  3 5 7,DEL,839,6E
,,,,,,,,01:05:00,04:50:00,1302,J,32N,1234567,JED,77,6E
,,,,,,,,01:05:00,02:35:00,1624,J,32Q,1234567,PNQ,6563,6E
,,,,,,,,01:10:00,03:20:00,186,J,32N,2,AMD,6779,6E
,,,,,,,,01:10:00,07:45:00,1272,J,781, 23 5 7,AMS,0880,KL
,,,,,,,,01:10:00,03:20:00,186,J,32N,7,AMD,6779,6E
QP,1985,BOM,4,7M8,J,185,23:20:00,01:10:00,,,,,,,,
,,,,,,,,01:10:00,03:20:00,372,J,32N,1    6 ,AMD,6779,6E
6E,996,AMD,1234567,32Q,J,1624,22:45:00,01:10:00,,,,,,,,
,,,,,,,,01:10:00,03:20:00,186,J,32N,3,AMD,6779,6E
,,,,,,,,01:10:00,03:20:00,186,J,32N,   4  7,AMD,6779,6E
,,,,,,,,01:10:00,03:20:00,186,J,32N,5,AMD,6779,6E
,,,,,,,,01:15:00,09:30:00,280,J,359,1 3 56 ,HKG,624,CX
,,,,,,,,01:15:00,09:50:00,786,J,333, 2 4  7,HKG,624,CX
,,,,,,,,01:15:00,09:50:00,840,J,359,1 3 56 ,HKG,624,CX
,,,,,,,,01:20:00,03:50:00,1302,J,32N,1234567,AUH,1419,6E
LH,754,FRA,1234567,744,J,2597,12:50:00,01:20:00,,,,,,,,
,,,,,,,,01:25:00,08:05:00,324,J,359, 2  5  ,CDG,191,AF
,,,,,,,,01:25:00,08:05:00,324,J,359, 23 56 ,CDG,191,AF
,,,,,,,,01:25:00,08:45:00,224,J,332,1  4  7,CDG,191,AF
,,,,,,,,01:25:00,08:45:00,896,J,332,1 34 67,CDG,191,AF
6E,6055,PNQ,1234567,32Q,J,1624,23:50:00,01:30:00,,,,,,,,
AI,2857,BOM,1234567,32N,J,1148,23:30:00,01:35:00,,,,,,,,
IX,2681,PNQ,12 4 6 ,7M8,J,704,00:05:00,01:40:00,,,,,,,,
IX,2681,PNQ,  3 5 7,7M8,J,528,00:05:00,01:40:00,,,,,,,,
IX,2069,JAI,1234567,7M8,J,1134,22:55:00,01:40:00,,,,,,,,
,,,,,,,,01:40:00,07:00:00,1540,J,32Q,1234567,BKK,1055,6E
6E,6803,NAG,4,32A,J,180,23:55:00,01:45:00,,,,,,,,
6E,6803,NAG,123 567,32A,J,1080,23:55:00,01:45:00,,,,,,,,
J9,431,KWI,   4  7,32N,J,348,18:25:00,01:45:00,,,,,,,,
,,,,,,,,02:00:00,04:05:00,164,J,32N,7,BOM,2858,AI
6E,6121,PAT,1234567,32N,J,1302,23:25:00,02:00:00,,,,,,,,
,,,,,,,,02:00:00,04:05:00,656,J,32N,1 3 56 ,BOM,2858,AI
,,,,,,,,02:00:00,04:05:00,328,J,32N, 2 4   ,BOM,2858,AI
QP,1812,DEL,1234567,7M8,J,1295,22:55:00,02:05:00,,,,,,,,
,,,,,,,,02:10:00,07:55:00,1068,J,359,1 3 5 7,MUC,765,LH
,,,,,,,,02:10:00,07:55:00,293,J,359,2,MUC,765,LH
UL,173,CMB, 234 6 ,320,J,544,00:55:00,02:20:00,,,,,,,,
,,,,,,,,02:20:00,14:35:00,558,J,788, 2  5 7,NRT,754,JL
6E,871,DEL,1  4 6 ,32Q,J,660,23:30:00,02:25:00,,,,,,,,
6E,871,DEL, 23 5 7,32Q,J,880,23:30:00,02:25:00,,,,,,,,
,,,,,,,,02:40:00,04:05:00,928,J,32Q, 23 5 7,PNQ,6876,6E
,,,,,,,,02:40:00,04:05:00,696,J,32Q,1  4 6 ,PNQ,6876,6E
,,,,,,,,02:40:00,05:10:00,348,J,32N,   4  7,KWI,432,J9
EK,568,DXB,1234567,388,J,3619,21:15:00,02:50:00,,,,,,,,
QR,572,DOH,56,77W,J,708,20:00:00,02:55:00,,,,,,,,
6E,361,PNQ,1234567,32Q,J,1624,01:15:00,02:55:00,,,,,,,,
QR,572,DOH,1234  7,351,J,1635,20:00:00,02:55:00,,,,,,,,
,,,,,,,,03:00:00,05:50:00,660,J,32Q,1  4 6 ,DEL,804,6E
KU,353,KWI, 23  6 ,32N,J,402,19:15:00,03:00:00,,,,,,,,
,,,,,,,,03:00:00,05:50:00,880,J,32Q, 23 5 7,DEL,804,6E
KU,353,KWI,1  45 7,32N,J,536,19:15:00,03:00:00,,,,,,,,
,,,,,,,,03:00:00,09:05:00,2597,J,744,1234567,FRA,755,LH
6E,5323,BOM,1234567,32Q,J,1540,01:10:00,03:05:00,,,,,,,,
AI,2757,DEL,1234567,32N,J,1148,00:15:00,03:10:00,,,,,,,,
EY,232,AUH, 23 56 ,789,J,904,21:35:00,03:15:00,,,,,,,,
EY,232,AUH,   4  7,789,J,580,21:35:00,03:15:00,,,,,,,,
6E,1302,DOH,1234567,32Q,J,1652,20:45:00,03:15:00,,,,,,,,
,,,,,,,,03:25:00,04:50:00,544,J,320, 234 6 ,CMB,174,UL
,,,,,,,,03:45:00,05:30:00,660,J,32Q,1  4 6 ,BOM,5205,6E
,,,,,,,,03:45:00,05:30:00,880,J,32Q, 23 5 7,BOM,5205,6E
G9,496,SHJ,1234567,320,J,1190,22:10:00,03:45:00,,,,,,,,
,,,,,,,,03:50:00,06:30:00,536,J,32N,1  45 7,KWI,354,KU
6E,1486,DXB,1234567,32N,J,1302,22:05:00,03:50:00,,,,,,,,
,,,,,,,,03:50:00,06:30:00,402,J,32N, 23  6 ,KWI,354,KU
,,,,,,,,03:55:00,07:00:00,1295,J,7M8,1234567,DEL,1811,QP
,,,,,,,,04:00:00,05:35:00,1232,J,7M8,1234567,PNQ,2873,IX
6E,6054,DEL,1234567,32Q,J,1540,01:05:00,04:00:00,,,,,,,,
AI,2812,BOM,1234567,32N,J,1148,02:05:00,04:10:00,,,,,,,,
OV,783,MCT,   4 6 ,32N,J,360,23:20:00,04:15:00,,,,,,,,
,,,,,,,,04:15:00,08:30:00,1302,J,32N,1234567,MRU,1861,6E
,,,,,,,,04:25:00,06:40:00,1190,J,320,1234567,SHJ,497,G9
,,,,,,,,04:25:00,06:20:00,1652,J,32Q,1234567,DOH,1301,6E
,,,,,,,,04:25:00,06:40:00,1635,J,351,1234  7,DOH,573,QR
,,,,,,,,04:25:00,06:40:00,708,J,77W,56,DOH,573,QR
,,,,,,,,04:30:00,06:00:00,1624,J,32Q,1234567,PNQ,408,6E
,,,,,,,,04:35:00,07:00:00,904,J,789, 23 56 ,AUH,233,EY
,,,,,,,,04:35:00,07:00:00,580,J,789,   4  7,AUH,233,EY
,,,,,,,,04:35:00,07:00:00,196,J,321,1,AUH,233,EY
6E,6284,BOM,1234567,32Q,J,1540,02:45:00,04:40:00,,,,,,,,
,,,,,,,,04:40:00,07:40:00,1302,J,32N,1234567,IXC,6633,6E
,,,,,,,,04:45:00,07:05:00,3619,J,388,1234567,DXB,569,EK
BA,119,LHR,1234567,777,J,1904,14:00:00,04:50:00,,,,,,,,
GF,282,BAH,1234567,32Q,J,1344,21:25:00,04:55:00,,,,,,,,
6E,6564,PNQ,1234567,32Q,J,1624,03:15:00,04:55:00,,,,,,,,
,,,,,,,,05:00:00,07:35:00,696,J,32Q,1  4 6 ,CCU,227,6E
,,,,,,,,05:00:00,07:35:00,696,J,32Q,  3 5 7,CCU,227,6E
,,,,,,,,05:00:00,07:10:00,540,J,32N,1  4 6 ,MCT,784,OV
,,,,,,,,05:00:00,07:50:00,1295,J,7M8,1234567,DEL,1359,QP
,,,,,,,,05:00:00,07:35:00,232,J,32Q,2,CCU,227,6E
,,,,,,,,05:05:00,07:55:00,1540,J,32Q,1234567,DEL,836,6E
,,,,,,,,05:05:00,07:35:00,1323,J,7M8,1234567,DEL,529,SG
,,,,,,,,05:10:00,07:20:00,744,J,32N, 23 5 7,AMD,586,6E
,,,,,,,,05:10:00,07:20:00,558,J,32N,1  4 6 ,AMD,586,6E
,,,,,,,,05:10:00,06:50:00,1295,J,7M8,1234567,PNQ,1311,QP
IX,920,DXB,1234567,7M8,J,1246,23:25:00,05:10:00,,,,,,,,
,,,,,,,,05:15:00,08:20:00,1624,J,32Q,1234567,GAU,457,6E
,,,,,,,,05:30:00,06:40:00,1232,J,7M8,1234567,COK,2678,IX
,,,,,,,,05:30:00,06:45:00,186,J,32N,6,GOI,194,6E
,,,,,,,,05:30:00,08:30:00,740,J,7M8,  3 567,IXB,1850,QP
,,,,,,,,05:30:00,07:15:00,1624,J,32Q,1234567,BOM,5089,6E
,,,,,,,,05:30:00,08:05:00,528,J,7M8, 2 4 6 ,GWL,2361,IX
,,,,,,,,05:30:00,08:25:00,1148,J,32N,1234567,DEL,2414,AI
,,,,,,,,05:35:00,08:35:00,185,J,7M8,2,GAU,1372,QP
,,,,,,,,05:35:00,08:35:00,370,J,7M8,  3 5  ,GAU,1372,QP
,,,,,,,,05:45:00,07:55:00,1344,J,32Q,1234567,BAH,283,GF
IX,932,DOH,  34 67,7M8,J,378,23:00:00,05:50:00,,,,,,,,
IX,932,DOH,12  567,32N,J,186,23:00:00,05:50:00,,,,,,,,
IX,932,DOH,1234567,32N,J,744,23:00:00,05:50:00,,,,,,,,
,,,,,,,,05:50:00,08:05:00,1295,J,7M8,1234567,BBI,1511,QP
,,,,,,,,05:50:00,09:10:00,1134,J,7M8,1234567,GAU,2881,IX
,,,,,,,,05:55:00,08:50:00,1295,J,7M8,1234567,DEL,1823,QP
6E,820,DEL,1 34 6 ,32Q,J,880,03:00:00,05:55:00,,,,,,,,
6E,820,DEL, 2  5 7,32Q,J,660,03:00:00,05:55:00,,,,,,,,
,,,,,,,,05:55:00,07:30:00,1232,J,7M8,1234567,VTZ,2064,IX
,,,,,,,,06:00:00,08:50:00,1110,J,7M8,12345 7,CCU,1561,QP
,,,,,,,,06:00:00,07:55:00,1295,J,7M8,1234567,BOM,1515,QP
,,,,,,,,06:00:00,08:40:00,176,J,7M8,3,LKO,1479,IX
,,,,,,,,06:00:00,08:45:00,656,J,32N,2345,DEL,2810,AI
,,,,,,,,06:00:00,08:45:00,492,J,32N,1    67,DEL,2810,AI
,,,,,,,,06:05:00,07:20:00,372,J,32N,1  4   ,GOI,194,6E
,,,,,,,,06:05:00,07:25:00,1134,J,7M8,1234567,HYD,2018,IX
,,,,,,,,06:05:00,07:20:00,744,J,32N, 23 5 7,GOI,194,6E
6E,1409,AUH,1234567,32N,J,930,00:30:00,06:05:00,,,,,,,,
,,,,,,,,06:05:00,07:45:00,1232,J,7M8,1234567,NMI,2914,IX
,,,,,,,,06:10:00,08:10:00,1624,J,32Q,1234567,BHO,368,6E
,,,,,,,,06:10:00,07:50:00,212,J,73J,6,BOM,115,SG
,,,,,,,,06:10:00,07:50:00,1272,J,73J,12345 7,BOM,115,SG
VS,316,LHR,1234567,789,J,1806,15:40:00,06:10:00,,,,,,,,
,,,,,,,,06:10:00,08:30:00,1134,J,7M8,1234567,VNS,1470,IX
,,,,,,,,06:15:00,08:45:00,720,J,32A,1 3 5 7,JDH,6032,6E
,,,,,,,,06:20:00,07:25:00,1323,J,7M8,1234567,CNN,1957,IX
,,,,,,,,06:20:00,07:35:00,532,J,E75,1234567,IXX,159,S5
,,,,,,,,06:25:00,07:35:00,372,J,32N,1    6 ,HYD,6178,6E
,,,,,,,,06:25:00,07:50:00,546,J,AT7,1234567,HBX,7227,6E
,,,,,,,,06:25:00,07:35:00,186,J,32N,4,HYD,6178,6E
,,,,,,,,06:25:00,07:35:00,186,J,32N,7,HYD,6178,6E
6E,5294,BOM,  3   7,32Q,J,440,04:30:00,06:25:00,,,,,,,,
6E,5294,BOM,2,32Q,J,220,04:30:00,06:25:00,,,,,,,,
6E,5294,BOM,1  4 6 ,32Q,J,660,04:30:00,06:25:00,,,,,,,,
6E,5294,BOM,5,32Q,J,220,04:30:00,06:25:00,,,,,,,,
,,,,,,,,06:25:00,07:35:00,186,J,32N,3,HYD,6178,6E
,,,,,,,,06:25:00,07:35:00,186,J,32N,2,HYD,6178,6E
,,,,,,,,06:25:00,07:35:00,186,J,32N,5,HYD,6178,6E
,,,,,,,,06:25:00,09:00:00,540,J,32A, 2 4 6 ,AYJ,934,6E
,,,,,,,,06:30:00,09:10:00,1624,J,32Q,1234567,CCU,6439,6E
,,,,,,,,06:30:00,11:45:00,1302,J,32N,1234567,HKT,1077,6E
,,,,,,,,06:35:00,08:35:00,1148,J,32N,1234567,BOM,2402,AI
,,,,,,,,06:35:00,07:40:00,1323,J,7M8,1234567,MAA,1472,IX
6E,6877,PNQ,1234567,32Q,J,1624,05:00:00,06:35:00,,,,,,,,
,,,,,,,,06:35:00,08:55:00,1288,J,7M8,1234567,IXR,1239,IX
6E,6422,AMD,4,32N,J,186,04:20:00,06:40:00,,,,,,,,
,,,,,,,,06:40:00,09:35:00,1232,J,7M8,1234567,DEL,2542,IX
6E,6422,AMD,5,32N,J,186,04:20:00,06:40:00,,,,,,,,
6E,6422,AMD,6,32N,J,186,04:20:00,06:40:00,,,,,,,,
6E,6422,AMD,12,32N,J,372,04:20:00,06:40:00,,,,,,,,
6E,6422,AMD,  3   7,32N,J,372,04:20:00,06:40:00,,,,,,,,
,,,,,,,,06:45:00,09:00:00,1624,J,32Q,1234567,UDR,687,6E
,,,,,,,,06:50:00,08:20:00,546,J,AT7,1234567,VGA,7204,6E
IX,866,AUH,2,320,J,180,01:00:00,06:50:00,,,,,,,,
IX,866,AUH,1 34567,32N,J,1116,01:00:00,06:50:00,,,,,,,,
,,,,,,,,06:50:00,13:15:00,1904,J,777,1234567,LHR,118,BA
,,,,,,,,06:50:00,08:20:00,546,J,AT7,1234567,IXG,7285,6E
,,,,,,,,06:55:00,08:05:00,546,J,AT7,1234567,TRZ,7236,6E
,,,,,,,,06:55:00,08:20:00,546,J,AT7,1234567,IXM,7171,6E
,,,,,,,,06:55:00,08:20:00,546,J,AT7,1234567,CNN,7728,6E
,,,,,,,,07:00:00,09:35:00,1134,J,7M8,1234567,CCU,1131,IX
,,,,,,,,07:00:00,09:50:00,1540,J,32Q,1234567,DEL,844,6E
,,,,,,,,07:00:00,10:00:00,1148,J,32N,1234567,DEL,2654,AI
,,,,,,,,07:05:00,07:55:00,1624,J,32Q,1234567,CJB,857,6E
QP,1901,AMD,1234567,7M8,J,1295,04:50:00,07:05:00,,,,,,,,
,,,,,,,,07:05:00,10:45:00,1302,J,32N,1234567,SXR,6947,6E
,,,,,,,,07:05:00,08:40:00,140,J,AT7,  3 5  ,COK,507,9I
,,,,,,,,07:10:00,08:30:00,1232,J,7M8,1234567,VGA,2875,IX
,,,,,,,,07:10:00,10:15:00,740,J,7M8,1  4 67,IXB,1372,QP
,,,,,,,,07:10:00,08:15:00,372,J,32N,1  4   ,COK,763,6E
,,,,,,,,07:10:00,08:15:00,186,J,32N,2,COK,763,6E
,,,,,,,,07:10:00,09:50:00,1056,J,7M8,12 4567,LKO,1479,IX
,,,,,,,,07:10:00,08:15:00,558,J,32N,  3 5 7,COK,763,6E
,,,,,,,,07:10:00,08:15:00,186,J,32N,6,COK,763,6E
,,,,,,,,07:10:00,09:40:00,186,J,32N,3,JAI,6353,6E
IX,2975,MAA,1234567,7M8,J,1232,05:50:00,07:10:00,,,,,,,,
,,,,,,,,07:15:00,08:15:00,696,J,32Q,1  4 6 ,MAA,6269,6E
,,,,,,,,07:15:00,08:15:00,928,J,32Q, 23 5 7,MAA,6269,6E
,,,,,,,,07:15:00,08:15:00,1624,J,32Q,1234567,IXE,541,6E
,,,,,,,,07:20:00,08:40:00,928,J,32Q, 23 5 7,TRV,688,6E
,,,,,,,,07:20:00,09:50:00,1116,J,32N,12 4567,LKO,6353,6E
,,,,,,,,07:20:00,08:40:00,696,J,32Q,1  4 6 ,TRV,688,6E
AI,2653,DEL,1234567,32N,J,1148,04:30:00,07:20:00,,,,,,,,
,,,,,,,,07:25:00,09:10:00,1540,J,32Q,1234567,BOM,5216,6E
6E,6438,CCU,6,32Q,J,232,04:50:00,07:25:00,,,,,,,,
6E,6438,CCU,3,32Q,J,232,04:50:00,07:25:00,,,,,,,,
6E,6438,CCU,7,32Q,J,232,04:50:00,07:25:00,,,,,,,,
6E,6438,CCU,1,32Q,J,232,04:50:00,07:25:00,,,,,,,,
6E,6438,CCU, 2 4  7,32Q,J,464,04:50:00,07:25:00,,,,,,,,
IX,2706,PNQ,  3 5 7,320,J,540,05:40:00,07:25:00,,,,,,,,
6E,6438,CCU,5,32Q,J,232,04:50:00,07:25:00,,,,,,,,
,,,,,,,,07:25:00,10:00:00,1295,J,7M8,1234567,VNS,1421,QP
IX,864,DMM,3,7M8,J,189,00:10:00,07:30:00,,,,,,,,
,,,,,,,,07:30:00,09:35:00,1302,J,32N,1234567,BBI,702,6E
,,,,,,,,07:30:00,09:25:00,1624,J,32Q,1234567,IDR,959,6E
IX,926,KWI, 23  6 ,32N,J,558,23:55:00,07:30:00,,,,,,,,
,,,,,,,,07:30:00,08:50:00,152,J,E75,    5 7,KLH,194,S5
IX,864,DMM,1 3 5 7,32N,J,558,00:10:00,07:30:00,,,,,,,,
AI,2845,BOM, 2    7,321,J,376,05:30:00,07:35:00,,,,,,,,
AI,2845,BOM,1  4 6 ,321,J,564,05:30:00,07:35:00,,,,,,,,
AI,2845,BOM,  3 5  ,321,J,376,05:30:00,07:35:00,,,,,,,,
,,,,,,,,07:35:00,10:20:00,1302,J,32N,1234567,GOP,6302,6E
,,,,,,,,07:40:00,09:25:00,1624,J,32Q,1234567,RPR,405,6E
,,,,,,,,07:40:00,14:00:00,558,J,32N,  3 5 7,LGK,1043,6E
IX,5305,TRZ,1 3 5  ,738,J,558,06:30:00,07:40:00,,,,,,,,
6E,1006,SIN,1234567,32N,J,1302,05:40:00,07:40:00,,,,,,,,
,,,,,,,,07:45:00,10:50:00,696,J,32Q,1  4 6 ,ATQ,6288,6E
,,,,,,,,07:45:00,10:50:00,928,J,32Q, 23 5 7,ATQ,6288,6E
6E,413,HYD,2,32N,J,186,06:30:00,07:50:00,,,,,,,,
,,,,,,,,07:50:00,09:00:00,380,J,E75,1234 6 ,GOX,181,S5
6E,413,HYD,6,32N,J,186,06:30:00,07:50:00,,,,,,,,
6E,413,HYD,5,32N,J,186,06:30:00,07:50:00,,,,,,,,
6E,413,HYD,7,32N,J,186,06:30:00,07:50:00,,,,,,,,
6E,413,HYD,3,32N,J,186,06:30:00,07:50:00,,,,,,,,
6E,413,HYD,4,32N,J,186,06:30:00,07:50:00,,,,,,,,
6E,413,HYD,1,32N,J,186,06:30:00,07:50:00,,,,,,,,
IX,2934,HYD,5,738,J,189,06:20:00,07:55:00,,,,,,,,
IX,1475,CCJ,1234 67,738,J,1134,06:45:00,07:55:00,,,,,,,,
IX,2934,HYD,12 4 6 ,7M8,J,712,06:20:00,07:55:00,,,,,,,,
IX,1467,AMD,1234567,32N,J,1302,05:30:00,07:55:00,,,,,,,,
IX,1475,CCJ,5,7M8,J,178,06:45:00,07:55:00,,,,,,,,
,,,,,,,,07:55:00,10:30:00,534,J,7M8,1   5 7,RUH,895,IX
,,,,,,,,08:00:00,14:15:00,1806,J,789,1234567,LHR,317,VS
,,,,,,,,08:00:00,09:45:00,1295,J,7M8,1234567,BOM,1517,QP
,,,,,,,,08:00:00,09:00:00,546,J,AT7,1234567,CJB,7573,6E
,,,,,,,,08:00:00,09:45:00,185,J,7M8,6,PNQ,1565,QP
,,,,,,,,08:00:00,10:55:00,1148,J,32N,1234567,DEL,2808,AI
IX,1347,NMI,7,7M8,J,176,06:20:00,08:00:00,,,,,,,,
IX,1347,NMI,123456,7M8,J,1056,06:20:00,08:00:00,,,,,,,,
6E,6081,MAA,6,32N,J,186,07:05:00,08:05:00,,,,,,,,
SG,672,MAA,1234567,73H,J,1323,07:05:00,08:05:00,,,,,,,,
6E,6081,MAA,12345 7,32N,J,1116,07:05:00,08:05:00,,,,,,,,
,,,,,,,,08:05:00,09:45:00,1554,J,32Q,1234567,NAG,6863,6E
,,,,,,,,08:05:00,09:25:00,312,J,AT7,1 3 5 7,COK,7005,6E
ET,690,ADD,1 3 5  ,7M8,J,480,23:05:00,08:10:00,,,,,,,,
,,,,,,,,08:10:00,10:25:00,1302,J,32N,1234567,DXB,1485,6E
,,,,,,,,08:10:00,10:35:00,1624,J,32Q,1234567,CCU,442,6E
IX,2780,BBI,1234567,7M8,J,1232,06:00:00,08:10:00,,,,,,,,
,,,,,,,,08:15:00,09:30:00,1302,J,32N,1234567,HYD,484,6E
IX,1383,GOI,1  4 6 ,320,J,540,07:00:00,08:15:00,,,,,,,,
,,,,,,,,08:15:00,11:05:00,1540,J,32Q,1234567,DEL,849,6E
,,,,,,,,08:15:00,11:00:00,1624,J,32Q,1234567,IXB,443,6E
,,,,,,,,08:20:00,10:20:00,1316,J,321,1234567,BOM,2846,AI
,,,,,,,,08:20:00,10:35:00,1295,J,7M8,1234567,AMD,1902,QP
6E,6482,COK,1234567,32N,J,1302,07:05:00,08:20:00,,,,,,,,
IX,2980,TRV,1   5 7,7M8,J,567,07:05:00,08:25:00,,,,,,,,
6E,5296,BOM,1  4 6 ,32Q,J,660,06:30:00,08:25:00,,,,,,,,
IX,1692,COK,1234567,7M8,J,1232,07:10:00,08:25:00,,,,,,,,
IX,2980,TRV,4,738,J,186,07:05:00,08:25:00,,,,,,,,
6E,5296,BOM, 23 5 7,32Q,J,880,06:30:00,08:25:00,,,,,,,,
IX,2980,TRV,2,738,J,186,07:05:00,08:25:00,,,,,,,,
IX,2980,TRV,  3  67,738,J,378,07:05:00,08:25:00,,,,,,,,
,,,,,,,,08:25:00,11:00:00,1302,J,32N,1234567,PAT,6801,6E
,,,,,,,,08:25:00,09:50:00,1302,J,32N,1234567,HYD,2935,IX
,,,,,,,,08:30:00,10:20:00,1302,J,32N,1234567,NAG,2097,IX
6E,391,PNQ,1234567,32Q,J,1624,06:40:00,08:30:00,,,,,,,,
,,,,,,,,08:30:00,10:15:00,1540,J,32Q,1234567,BOM,5051,6E
AI,2603,BOM,1234567,32N,J,1148,06:35:00,08:35:00,,,,,,,,
,,,,,,,,08:35:00,10:45:00,1624,J,32Q,1234567,AMD,6545,6E
6E,249,GOI,6,32N,J,186,07:15:00,08:35:00,,,,,,,,
6E,2085,NMI,1234567,32N,J,1302,07:10:00,08:35:00,,,,,,,,
IX,2786,MAA,1234567,7M8,J,1232,07:25:00,08:35:00,,,,,,,,
6E,2314,DEL, 2  5 7,32Q,J,660,05:45:00,08:40:00,,,,,,,,
6E,373,JAI,1234567,32Q,J,1160,06:10:00,08:40:00,,,,,,,,
6E,2314,DEL,1 34 6 ,32Q,J,880,05:45:00,08:40:00,,,,,,,,
,,,,,,,,08:40:00,09:50:00,1232,J,7M8,1234567,MAA,2926,IX
6E,373,JAI,1234567,32Q,J,464,06:25:00,08:40:00,,,,,,,,
,,,,,,,,08:40:00,09:55:00,180,J,320,7,COK,1893,IX
,,,,,,,,08:40:00,09:55:00,186,J,738,3,COK,1893,IX
,,,,,,,,08:40:00,09:55:00,890,J,7M8,12 456 ,COK,1893,IX
,,,,,,,,08:40:00,10:50:00,1302,J,32N,1234567,AMD,2013,IX
,,,,,,,,08:45:00,11:30:00,1323,J,73H,1234567,PAT,672,SG
,,,,,,,,08:45:00,10:15:00,528,J,E75,123456,NDC,183,S5
6E,153,CCJ,1234567,32N,J,1302,07:45:00,08:45:00,,,,,,,,
IX,942,JED,1,7M8,J,189,00:10:00,08:50:00,,,,,,,,
EK,564,DXB,567,77W,J,1080,03:20:00,08:50:00,,,,,,,,
QP,2001,NMI,1234567,7M8,J,1295,07:20:00,08:50:00,,,,,,,,
EK,564,DXB,1234,77W,J,1416,03:20:00,08:50:00,,,,,,,,
,,,,,,,,08:50:00,12:00:00,744,J,32N,12 4 6 ,IXJ,6495,6E
AI,2409,DEL,1234567,32N,J,1148,06:00:00,08:55:00,,,,,,,,
,,,,,,,,08:55:00,11:05:00,1232,J,7M8,1234567,BBI,1486,IX
,,,,,,,,09:00:00,10:05:00,1323,J,738,1234567,CCJ,1489,IX
UL,1173,CMB,6,32B,J,188,07:35:00,09:00:00,,,,,,,,
UL,1173,CMB,5,32A,J,150,07:35:00,09:00:00,,,,,,,,
UL,1173,CMB,4,320,J,136,07:35:00,09:00:00,,,,,,,,
,,,,,,,,09:00:00,12:00:00,1148,J,32N,1234567,DEL,2868,AI
,,,,,,,,09:05:00,10:30:00,558,J,32N,1  4 6 ,CMB,1167,6E
IX,942,JED,5,7M8,J,189,00:25:00,09:05:00,,,,,,,,
,,,,,,,,09:05:00,10:30:00,744,J,32N, 23 5 7,CMB,1167,6E
,,,,,,,,09:05:00,11:25:00,1302,J,32N,1234567,VNS,6558,6E
6E,771,CCU,1234567,32Q,J,1624,06:30:00,09:10:00,,,,,,,,
,,,,,,,,09:10:00,12:00:00,378,J,738,  3  67,IXB,2892,IX
,,,,,,,,09:10:00,12:00:00,567,J,7M8,1   5 7,IXB,2892,IX
WY,281,MCT,1 3 5 7,738,J,648,04:00:00,09:10:00,,,,,,,,
IX,1958,CNN,1234567,7M8,J,1323,08:00:00,09:10:00,,,,,,,,
IX,942,JED,2,7M8,J,189,00:30:00,09:10:00,,,,,,,,
QP,1312,PNQ,1234567,7M8,J,1295,07:25:00,09:10:00,,,,,,,,
,,,,,,,,09:10:00,12:00:00,186,J,738,4,IXB,2892,IX
,,,,,,,,09:15:00,12:25:00,1232,J,7M8,1234567,GAU,2931,IX
,,,,,,,,09:15:00,11:15:00,1148,J,32N,1234567,BOM,2604,AI
,,,,,,,,09:15:00,10:30:00,1624,J,32Q,1234567,HYD,312,6E
6E,249,GOI,3,32N,J,186,07:55:00,09:20:00,,,,,,,,
S5,160,IXX,1234567,E75,J,532,08:05:00,09:20:00,,,,,,,,
6E,249,GOI,7,32N,J,186,07:55:00,09:20:00,,,,,,,,
6E,249,GOI, 2 45  ,32N,J,558,07:55:00,09:20:00,,,,,,,,
6E,249,GOI,1,32N,J,186,07:55:00,09:20:00,,,,,,,,
,,,,,,,,09:20:00,10:55:00,1302,J,32N,1234567,NMI,2086,6E
,,,,,,,,09:20:00,11:45:00,1232,J,7M8,1234567,IXR,2786,IX
,,,,,,,,09:20:00,12:10:00,1302,J,32N,1234567,HDO,2518,6E
,,,,,,,,09:20:00,15:05:00,1295,J,7M8,1234567,HKT,623,QP
,,,,,,,,09:25:00,12:20:00,372,J,32N,   4 6 ,IXA,524,6E
6E,701,IDR,1234567,32N,J,1302,07:20:00,09:25:00,,,,,,,,
,,,,,,,,09:25:00,12:20:00,558,J,32N,1 3   7,IXA,524,6E
IX,2019,HYD,1234567,7M8,J,1134,08:05:00,09:25:00,,,,,,,,
AI,2803,DEL,1234567,32N,J,1148,06:30:00,09:25:00,,,,,,,,
,,,,,,,,09:25:00,12:20:00,372,J,32N, 2  5  ,IXA,524,6E
,,,,,,,,09:30:00,12:30:00,1540,J,32Q,1234567,DEL,830,6E
,,,,,,,,09:30:00,11:00:00,88,J,E75,7,NDC,183,S5
6E,151,HYD,1234567,32Q,J,1624,08:05:00,09:30:00,,,,,,,,
6E,475,CJB,1234567,32Q,J,1624,08:30:00,09:30:00,,,,,,,,
6E,7233,HBX,1234567,AT7,J,546,08:10:00,09:35:00,,,,,,,,
,,,,,,,,09:35:00,12:05:00,1624,J,32Q,1234567,JAI,415,6E
6E,7245,TRZ,  3  67,AT7,J,234,08:25:00,09:40:00,,,,,,,,
6E,7245,TRZ,12 45  ,AT7,J,312,08:25:00,09:40:00,,,,,,,,
6E,231,LKO,1234567,32N,J,1302,07:05:00,09:40:00,,,,,,,,
,,,,,,,,09:40:00,12:15:00,1295,J,7M8,1234567,DBR,1513,QP
IX,2923,IXE,1 3 5 7,7M8,J,712,08:40:00,09:45:00,,,,,,,,
,,,,,,,,09:45:00,13:00:00,370,J,7M8,1  4   ,GAU,1323,QP
IX,2923,IXE, 2 4 6 ,7M8,J,534,08:40:00,09:45:00,,,,,,,,
IX,2065,VTZ,1234567,7M8,J,1232,08:00:00,09:45:00,,,,,,,,
6E,542,IXE,1234567,32Q,J,1624,08:45:00,09:50:00,,,,,,,,
,,,,,,,,09:50:00,10:40:00,532,J,E75,1234567,VDY,701,S5
,,,,,,,,09:50:00,12:30:00,1288,J,7M8,1234567,PAT,2816,IX
,,,,,,,,09:55:00,12:00:00,648,J,738,1 3 5 7,MCT,282,WY
6E,5193,BOM,1234567,32Q,J,1624,08:05:00,09:55:00,,,,,,,,
AI,2815,DEL,1234567,32N,J,1148,07:00:00,09:55:00,,,,,,,,
,,,,,,,,10:00:00,11:25:00,188,J,32B,6,CMB,1174,UL
,,,,,,,,10:00:00,11:25:00,136,J,320,4,CMB,1174,UL
6E,810,DEL, 2  5 7,32Q,J,660,07:05:00,10:00:00,,,,,,,,
,,,,,,,,10:00:00,13:00:00,1148,J,32N,1234567,DEL,2804,AI
,,,,,,,,10:00:00,12:05:00,1540,J,32Q,1234567,BOM,5237,6E
SV,0866,JED,1 3  67,333,J,1172,01:40:00,10:00:00,,,,,,,,
,,,,,,,,10:00:00,12:40:00,972,J,7M8,12 4567,LKO,1480,IX
6E,810,DEL,1 34 6 ,32Q,J,880,07:05:00,10:00:00,,,,,,,,
IX,2915,NMI,1234567,7M8,J,1232,08:25:00,10:00:00,,,,,,,,
,,,,,,,,10:00:00,15:40:00,1302,J,32N,1234567,BKK,882,IX
,,,,,,,,10:00:00,11:25:00,150,J,32A,5,CMB,1174,UL
,,,,,,,,10:05:00,12:40:00,1323,J,7M8,1234567,JAI,1494,IX
6E,6815,MAA,1234567,32Q,J,1624,08:55:00,10:05:00,,,,,,,,
IX,1487,MAA,1234567,7M8,J,1323,08:55:00,10:05:00,,,,,,,,
AI,2851,BOM,1234567,32N,J,1148,07:55:00,10:05:00,,,,,,,,
QP,1362,COK,1  4   ,7M8,J,370,09:00:00,10:10:00,,,,,,,,
QP,1143,BOM,2,7M8,J,185,08:20:00,10:10:00,,,,,,,,
,,,,,,,,10:10:00,11:35:00,546,J,AT7,1234567,IXM,7527,6E
,,,,,,,,10:10:00,11:05:00,546,J,AT7,1234567,TIR,7737,6E
,,,,,,,,10:10:00,12:20:00,1624,J,32Q,1234567,JRG,6059,6E
,,,,,,,,10:10:00,11:15:00,234,J,AT7, 2 4 6 ,KJB,7176,6E
,,,,,,,,10:15:00,11:30:00,1302,J,32N,1234567,HYD,537,6E
,,,,,,,,10:15:00,13:10:00,232,J,32Q,3,LKO,503,6E
,,,,,,,,10:15:00,12:35:00,696,J,32Q,1    67,CCU,503,6E
,,,,,,,,10:15:00,12:50:00,696,J,32Q, 2 45  ,LKO,503,6E
6E,1056,BKK,1234567,32Q,J,1540,08:05:00,10:15:00,,,,,,,,
IX,1506,VGA,1234567,7M8,J,1232,09:00:00,10:15:00,,,,,,,,
,,,,,,,,10:20:00,13:05:00,162,J,7M8,3,LKO,1405,IX
6E,7257,IXM,1234567,AT7,J,546,09:00:00,10:20:00,,,,,,,,
,,,,,,,,10:20:00,17:40:00,1302,J,32N,1234567,SIN,1091,6E
IX,5312,CCJ,1 3 5 7,7M8,J,712,09:15:00,10:25:00,,,,,,,,
,,,,,,,,10:25:00,11:30:00,1302,J,32N,1234567,COK,6445,6E
SQ,508,SIN,1,359,J,303,08:40:00,10:25:00,,,,,,,,
SQ,508,SIN,456,359,J,909,08:40:00,10:25:00,,,,,,,,
6E,7286,IXG,1234567,AT7,J,546,08:50:00,10:25:00,,,,,,,,
SQ,508,SIN,7,359,J,303,08:40:00,10:25:00,,,,,,,,
,,,,,,,,10:25:00,13:35:00,1323,J,7M8,1234567,IXC,1498,IX
,,,,,,,,10:30:00,12:45:00,1416,J,77W,1234,DXB,565,EK
,,,,,,,,10:30:00,12:35:00,1148,J,32N,1234567,BOM,2852,AI
6E,661,TRV,1234567,32Q,J,1624,09:10:00,10:30:00,,,,,,,,
,,,,,,,,10:30:00,12:45:00,1080,J,77W,567,DXB,565,EK
IC,5401,NDC,1234567,AT7,J,504,08:40:00,10:30:00,,,,,,,,
,,,,,,,,10:30:00,11:50:00,1624,J,32Q,1234567,TRV,6144,6E
,,,,,,,,10:30:00,13:55:00,1134,J,7M8,1234567,KTM,874,IX
6E,7203,VGA,1234567,AT7,J,546,08:40:00,10:35:00,,,,,,,,
6E,6009,STV,2,32N,J,186,08:40:00,10:35:00,,,,,,,,
6E,6009,STV,1   5 7,32N,J,558,08:40:00,10:35:00,,,,,,,,
6E,7574,CJB,1234567,AT7,J,546,09:25:00,10:40:00,,,,,,,,
SQ,508,SIN,2,7M8,J,154,08:40:00,10:40:00,,,,,,,,
SQ,508,SIN,3,7M8,J,154,08:40:00,10:40:00,,,,,,,,
QP,1129,BOM,3,7M8,J,185,08:45:00,10:40:00,,,,,,,,
,,,,,,,,10:40:00,11:50:00,712,J,7M8,1 3 5 7,GOX,1502,IX
,,,,,,,,10:40:00,11:50:00,528,J,7M8, 2 4 6 ,GOX,1502,IX
,,,,,,,,10:40:00,11:45:00,1624,J,32Q,1234567,GOX,6583,6E
6E,393,BHO,1234567,32Q,J,1624,08:40:00,10:45:00,,,,,,,,
,,,,,,,,10:45:00,12:05:00,1232,J,7M8,1234567,HYD,1501,IX
,,,,,,,,10:45:00,13:35:00,1540,J,32Q,1234567,DEL,175,6E
6E,823,AMD,1234567,32N,J,1302,08:20:00,10:45:00,,,,,,,,
,,,,,,,,10:50:00,11:55:00,78,J,AT7,7,SXV,7917,6E
MH,104,KUL,  3  67,73H,J,348,09:00:00,10:50:00,,,,,,,,
,,,,,,,,10:50:00,11:45:00,1624,J,32Q,1234567,MAA,904,6E
6E,6066,HYD,1234567,32N,J,1302,09:35:00,10:55:00,,,,,,,,
,,,,,,,,10:55:00,14:30:00,1323,J,7M8,1234567,SXR,1385,IX
6E,6535,COK,1234567,32Q,J,1624,09:40:00,10:55:00,,,,,,,,
AI,2651,DEL,1,32N,J,164,08:00:00,10:55:00,,,,,,,,
AI,2651,DEL,234,321,J,564,08:00:00,10:55:00,,,,,,,,
,,,,,,,,10:55:00,12:10:00,234,J,AT7, 2 4 6 ,TRZ,7711,6E
,,,,,,,,10:55:00,12:35:00,546,J,AT7,1234567,VGA,7071,6E
,,,,,,,,11:00:00,14:00:00,656,J,32N,1234,DEL,2406,AI
QP,1512,BBI,1234567,7M8,J,1295,08:45:00,11:00:00,,,,,,,,
6E,6142,JAI,1234567,32Q,J,1624,08:35:00,11:00:00,,,,,,,,
6E,496,CCU,1234567,32Q,J,1624,08:20:00,11:00:00,,,,,,,,
,,,,,,,,11:00:00,12:50:00,504,J,AT7,1234567,NDC,5402,IC
,,,,,,,,11:00:00,14:00:00,492,J,32N,567,DEL,2406,AI
,,,,,,,,11:05:00,12:50:00,546,J,AT7,1234567,TCR,7735,6E
,,,,,,,,11:05:00,12:30:00,312,J,AT7,  34 67,IXM,7577,6E
,,,,,,,,11:05:00,12:45:00,1624,J,32Q,1234567,SAG,574,6E
6E,6799,IXR,1234567,32N,J,1302,08:40:00,11:05:00,,,,,,,,
6E,873,DEL,1 34 67,32Q,J,1100,08:20:00,11:10:00,,,,,,,,
IC,5301,SDW,1234567,AT7,J,504,09:20:00,11:10:00,,,,,,,,
6E,873,DEL, 2  5  ,32Q,J,440,08:20:00,11:10:00,,,,,,,,
,,,,,,,,11:10:00,12:30:00,234,J,AT7,12  5  ,IXM,7577,6E
,,,,,,,,11:10:00,14:10:00,1232,J,7M8,1234567,DED,1506,IX
,,,,,,,,11:10:00,14:05:00,1295,J,7M8,1234567,GOP,1880,QP
IX,2362,GWL, 2 4 6 ,7M8,J,528,08:35:00,11:15:00,,,,,,,,
6E,6634,IXC,1234567,32N,J,1302,08:10:00,11:15:00,,,,,,,,
,,,,,,,,11:15:00,13:35:00,744,J,32N,12  5 7,IXD,6531,6E
AI,427,DEL,1 3456 ,788,J,1295,08:30:00,11:20:00,,,,,,,,
,,,,,,,,11:20:00,13:10:00,185,J,7M8,3,BOM,1130,QP
,,,,,,,,11:25:00,13:55:00,1302,J,32N,1234567,RDP,508,6E
,,,,,,,,11:25:00,14:10:00,558,J,32N, 2 4  7,BEK,331,6E
,,,,,,,,11:25:00,14:35:00,1172,J,333,1 3  67,JED,0867,SV
,,,,,,,,11:30:00,13:20:00,1540,J,32Q,1234567,BOM,5069,6E
,,,,,,,,11:30:00,13:55:00,744,J,32N,1 3 56 ,KNU,6035,6E
,,,,,,,,11:30:00,14:00:00,1624,J,32Q,1234567,DGH,6537,6E
,,,,,,,,11:35:00,19:00:00,303,J,359,7,SIN,509,SQ
,,,,,,,,11:35:00,12:35:00,234,J,AT7,1 3 5  ,SXV,7917,6E
IX,2934,HYD,  3   7,7M8,J,356,10:10:00,11:35:00,,,,,,,,
,,,,,,,,11:35:00,19:00:00,308,J,7M8,23,SIN,509,SQ
,,,,,,,,11:35:00,12:50:00,1302,J,32N,1234567,HYD,6404,6E
,,,,,,,,11:35:00,19:00:00,1212,J,359,1  456 ,SIN,509,SQ
IX,1894,COK,3,738,J,186,10:25:00,11:35:00,,,,,,,,
IX,1894,COK,12 456 ,7M8,J,890,10:25:00,11:35:00,,,,,,,,
IX,1894,COK,7,320,J,180,10:25:00,11:35:00,,,,,,,,
,,,,,,,,11:40:00,13:25:00,504,J,AT7,1234567,SDW,5302,IC
,,,,,,,,11:40:00,14:15:00,1624,J,32Q,1234567,IXZ,6356,6E
,,,,,,,,11:40:00,13:45:00,1624,J,32Q,1234567,BBI,6535,6E
,,,,,,,,11:40:00,12:45:00,186,J,32N,6,COK,6104,6E
,,,,,,,,11:40:00,13:10:00,1116,J,32N,12345 7,PNQ,6104,6E
IX,1546,CCJ,4,738,J,189,10:45:00,11:45:00,,,,,,,,
,,,,,,,,11:45:00,14:25:00,1624,J,32Q,1234567,CCU,236,6E
IX,1491,VNS,1234567,7M8,J,1134,09:10:00,11:45:00,,,,,,,,
,,,,,,,,11:45:00,14:25:00,1302,J,32N,1234567,IXZ,2648,IX
6E,406,RPR,1234567,32Q,J,1624,09:55:00,11:50:00,,,,,,,,
,,,,,,,,11:55:00,18:45:00,348,J,73H,  3  67,KUL,105,MH
6E,142,LKO,3,32N,J,186,09:25:00,11:55:00,,,,,,,,
IX,1503,LKO,3,7M8,J,176,09:10:00,11:55:00,,,,,,,,
IX,1546,CCJ, 2   6 ,738,J,378,10:45:00,11:55:00,,,,,,,,
6E,5092,BOM,1234567,32Q,J,1540,09:50:00,11:55:00,,,,,,,,
IX,2971,MAA,1234567,7M8,J,1232,10:45:00,11:55:00,,,,,,,,
,,,,,,,,11:55:00,14:00:00,1302,J,32N,1234567,JLR,6586,6E
IX,1244,IXR,1234567,7M8,J,1288,09:35:00,12:00:00,,,,,,,,
,,,,,,,,12:00:00,14:40:00,1232,J,7M8,1234567,CCU,1537,IX
,,,,,,,,12:00:00,14:50:00,1540,J,32Q,1234567,DEL,809,6E
6E,6892,MAA,1234567,32N,J,1302,10:55:00,12:00:00,,,,,,,,
S5,702,VDY,1234567,E75,J,532,11:10:00,12:00:00,,,,,,,,
6E,926,AYJ, 2 4 6 ,32A,J,360,09:30:00,12:00:00,,,,,,,,
6E,6033,JDH,1 3 5 7,32A,J,720,09:20:00,12:05:00,,,,,,,,
,,,,,,,,12:05:00,14:05:00,1148,J,32N,1234567,BOM,2630,AI
AI,2863,BOM, 2 4  7,32N,J,492,10:00:00,12:05:00,,,,,,,,
AI,2863,BOM,1 3 56 ,32N,J,656,10:00:00,12:05:00,,,,,,,,
6E,926,AYJ, 2 4 6 ,32A,J,180,09:30:00,12:05:00,,,,,,,,
6E,6864,NAG,1234567,32Q,J,1554,10:25:00,12:10:00,,,,,,,,
6E,412,UDR,1234567,32Q,J,1624,09:50:00,12:15:00,,,,,,,,
6E,703,BBI,1 34567,32N,J,1116,10:05:00,12:15:00,,,,,,,,
6E,6542,GAU,1234567,32Q,J,1624,08:55:00,12:15:00,,,,,,,,
6E,703,BBI,2,32N,J,186,10:05:00,12:15:00,,,,,,,,
AI,2415,DEL,4,32N,J,164,09:30:00,12:25:00,,,,,,,,
6E,826,DEL,1234567,32Q,J,1540,09:30:00,12:25:00,,,,,,,,
AI,2415,DEL,123 567,32N,J,984,09:30:00,12:25:00,,,,,,,,
6E,133,PNQ,6,32N,J,186,10:55:00,12:30:00,,,,,,,,
6E,7738,TIR,1234567,AT7,J,546,11:25:00,12:30:00,,,,,,,,
,,,,,,,,12:30:00,13:50:00,1068,J,7M8,123 567,HYD,2819,IX
,,,,,,,,12:30:00,13:40:00,456,J,E75,1 34567,HYD,151,S5
,,,,,,,,12:30:00,13:50:00,189,J,738,4,HYD,2819,IX
,,,,,,,,12:30:00,15:30:00,164,J,32N,1,DEL,2652,AI
,,,,,,,,12:30:00,15:30:00,564,J,321,234,DEL,2652,AI
,,,,,,,,12:35:00,13:50:00,1624,J,32Q,1234567,GOI,6653,6E
,,,,,,,,12:35:00,15:30:00,186,J,32N,3,DED,6712,6E
6E,6161,IXE,1234567,32N,J,1302,11:30:00,12:35:00,,,,,,,,
SG,188,DEL,6,73H,J,189,09:40:00,12:40:00,,,,,,,,
IX,2098,NAG,1234567,32N,J,1302,10:50:00,12:40:00,,,,,,,,
,,,,,,,,12:40:00,13:50:00,1232,J,7M8,1234567,MAA,2942,IX
,,,,,,,,12:40:00,14:10:00,1260,J,32A,1234567,VTZ,6336,6E
,,,,,,,,12:40:00,15:10:00,1302,J,32N,1234567,AGR,941,6E
IX,1407,HYD,1234567,32N,J,1302,11:15:00,12:45:00,,,,,,,,
,,,,,,,,12:45:00,14:15:00,736,J,7M8,1 3 5 7,PNQ,1971,IX
6E,78,JED,1234567,32N,J,1302,04:10:00,12:45:00,,,,,,,,
,,,,,,,,12:45:00,14:15:00,360,J,320, 2 4   ,PNQ,1971,IX
IX,1496,CCU,1234567,7M8,J,1134,10:10:00,12:50:00,,,,,,,,
VS,346,LHR,7,789,J,258,22:20:00,12:50:00,,,,,,,,
,,,,,,,,12:50:00,14:15:00,696,J,32Q,1  4 6 ,MLE,1127,6E
AI,132,LHR,12345 7,788,J,1554,22:10:00,12:50:00,,,,,,,,
,,,,,,,,12:50:00,14:15:00,928,J,32Q, 23 5 7,MLE,1127,6E
,,,,,,,,12:55:00,14:00:00,930,J,32N,1 345 7,COK,703,6E
,,,,,,,,12:55:00,13:55:00,888,J,32Q,1 3 5 7,MAA,6208,6E
6E,5217,BOM,1234567,32Q,J,1540,11:00:00,12:55:00,,,,,,,,
,,,,,,,,12:55:00,14:00:00,186,J,32N,6,COK,703,6E
VS,346,LHR, 2 456 ,789,J,1032,22:25:00,12:55:00,,,,,,,,
,,,,,,,,12:55:00,13:55:00,666,J,32Q, 2 4 6 ,MAA,6208,6E
,,,,,,,,12:55:00,14:50:00,1624,J,32Q,1234567,STV,465,6E
AI,132,LHR,6,788,J,259,22:20:00,13:00:00,,,,,,,,
,,,,,,,,13:00:00,15:00:00,1134,J,7M8,1234567,STV,2052,IX
6E,386,CCU,1234567,32Q,J,1624,10:15:00,13:00:00,,,,,,,,
,,,,,,,,13:00:00,14:50:00,1320,J,32Q,234567,BOM,5218,6E
6E,7918,SXV,7,AT7,J,78,12:15:00,13:05:00,,,,,,,,
,,,,,,,,13:05:00,14:15:00,704,J,7M8,1 3 5 7,GOI,1386,IX
6E,1168,CMB,1234567,32N,J,1302,11:30:00,13:05:00,,,,,,,,
,,,,,,,,13:05:00,16:00:00,1295,J,7M8,1234567,DEL,1821,QP
,,,,,,,,13:05:00,14:15:00,552,J,7M8, 2 4 6 ,GOI,1386,IX
IX,1503,LKO,12 4567,7M8,J,1056,10:20:00,13:05:00,,,,,,,,
6E,325,LKO,1     7,32N,J,372,10:30:00,13:10:00,,,,,,,,
,,,,,,,,13:10:00,14:10:00,1392,J,32Q,1 34567,CJB,6542,6E
,,,,,,,,13:10:00,14:10:00,232,J,32Q,2,CJB,6542,6E
6E,325,LKO, 2 456 ,32N,J,744,10:30:00,13:10:00,,,,,,,,
6E,325,JAI,3,32N,J,186,10:20:00,13:10:00,,,,,,,,
QP,1422,VNS,1234567,7M8,J,1295,10:35:00,13:15:00,,,,,,,,
,,,,,,,,13:15:00,16:05:00,1540,J,32Q,1234567,DEL,869,6E
6E,196,COK,1 34 67,32N,J,930,12:00:00,13:15:00,,,,,,,,
6E,196,COK, 2  5  ,32N,J,372,12:00:00,13:15:00,,,,,,,,
,,,,,,,,13:15:00,15:20:00,1302,J,32N,1234567,HSR,6507,6E
AI,2485,DEL,1234567,32N,J,1148,10:30:00,13:20:00,,,,,,,,
IX,2749,DEL,1234567,7M8,J,1232,10:25:00,13:20:00,,,,,,,,
6E,7528,IXM,1234567,AT7,J,546,11:55:00,13:30:00,,,,,,,,
,,,,,,,,13:30:00,15:45:00,1295,J,7M8,1234567,BBI,1503,QP
,,,,,,,,13:30:00,16:25:00,1302,J,32N,1234567,IXB,1407,IX
,,,,,,,,13:35:00,14:45:00,1134,J,7M8,1234567,TRZ,2505,IX
6E,6584,GOX,1234567,32Q,J,1624,12:15:00,13:35:00,,,,,,,,
IX,2014,GOX,1 3 5 7,7M8,J,712,12:20:00,13:40:00,,,,,,,,
6E,842,DEL,1234567,32Q,J,1540,10:45:00,13:40:00,,,,,,,,
IX,2014,GOX, 2 4 6 ,7M8,J,528,12:20:00,13:40:00,,,,,,,,
,,,,,,,,13:40:00,16:20:00,696,J,32Q,1    67,CCU,172,6E
,,,,,,,,13:40:00,16:20:00,928,J,32Q,2345,CCU,172,6E
IX,1508,AMD,1234567,32N,J,1302,11:20:00,13:45:00,,,,,,,,
6E,6546,AMD,3,32Q,J,232,11:20:00,13:50:00,,,,,,,,
6E,6546,AMD,12 4567,32Q,J,1392,11:25:00,13:50:00,,,,,,,,
QP,1903,AMD,2,7M8,J,185,11:15:00,13:50:00,,,,,,,,
6E,7918,SXV,1 3 5  ,AT7,J,234,12:55:00,13:55:00,,,,,,,,
6E,865,IXE,1  4   ,32N,J,372,12:55:00,13:55:00,,,,,,,,
,,,,,,,,13:55:00,16:20:00,180,J,320,1,IXR,2053,IX
,,,,,,,,13:55:00,16:00:00,1302,J,32N,1234567,AMD,6595,6E
,,,,,,,,13:55:00,16:20:00,1116,J,32N,234567,IXR,2053,IX
,,,,,,,,13:55:00,16:25:00,1302,J,32N,1234567,LKO,196,6E
,,,,,,,,14:00:00,21:00:00,1302,J,32N,1234567,KUL,1037,6E
,,,,,,,,14:00:00,16:45:00,1148,J,32N,1234567,DEL,2486,AI
QP,1373,IXB,1234567,7M8,J,1295,10:55:00,14:00:00,,,,,,,,
6E,805,PAT,1234567,32N,J,1302,11:35:00,14:05:00,,,,,,,,
AI,2632,BOM,1234567,32N,J,1148,12:00:00,14:05:00,,,,,,,,
IX,1216,BBI,1234567,7M8,J,1232,11:55:00,14:05:00,,,,,,,,
,,,,,,,,14:05:00,17:10:00,1232,J,7M8,1234567,DED,1527,IX
9I,508,COK,5,AT7,J,70,12:45:00,14:10:00,,,,,,,,
6E,311,HYD,6,32Q,J,232,12:50:00,14:10:00,,,,,,,,
IX,2937,HYD,1234567,7M8,J,1232,12:45:00,14:10:00,,,,,,,,
6E,7578,IXM,1234567,AT7,J,546,12:50:00,14:10:00,,,,,,,,
EY,236,AUH,2,321,J,196,08:40:00,14:15:00,,,,,,,,
,,,,,,,,14:15:00,16:05:00,1624,J,32Q,1234567,ISK,6547,6E
EY,236,AUH,   4 6 ,32A,J,316,08:40:00,14:15:00,,,,,,,,
WY,283,MCT, 2 4 6 ,738,J,486,09:10:00,14:20:00,,,,,,,,
,,,,,,,,14:20:00,16:05:00,1540,J,32Q,1234567,BOM,5351,6E
6E,6559,VNS,1234567,32N,J,1302,11:55:00,14:25:00,,,,,,,,
,,,,,,,,14:25:00,16:25:00,528,J,7M8, 2 4 6 ,IDR,2014,IX
6E,235,CCU,1234567,32Q,J,1624,11:45:00,14:25:00,,,,,,,,
6E,5184,BOM,1234567,32Q,J,1540,12:30:00,14:25:00,,,,,,,,
,,,,,,,,14:25:00,16:25:00,712,J,7M8,1 3 5 7,IDR,2014,IX
,,,,,,,,14:30:00,17:20:00,1540,J,32Q,1234567,DEL,840,6E
,,,,,,,,14:30:00,17:15:00,1295,J,788,1 3456 ,DEL,428,AI
,,,,,,,,14:30:00,20:20:00,1813,J,788,1234567,LHR,133,AI
,,,,,,,,14:30:00,16:35:00,1302,J,32N,1234567,AMD,2001,IX
,,,,,,,,14:35:00,15:35:00,1302,J,32N,1234567,IXE,5306,6E
6E,6147,TRV,1234567,32Q,J,1624,13:15:00,14:35:00,,,,,,,,
6E,445,IXB,1234567,32Q,J,1624,11:40:00,14:35:00,,,,,,,,
,,,,,,,,14:35:00,15:50:00,312,J,AT7,1 3 5 7,TRZ,7711,6E
6E,478,ATQ,12 4 6 ,32Q,J,928,11:20:00,14:40:00,,,,,,,,
,,,,,,,,14:40:00,20:55:00,258,J,789,1     7,LHR,347,VS
6E,1076,HKT,1234567,32N,J,1302,12:45:00,14:40:00,,,,,,,,
6E,478,ATQ,  3 5 7,32Q,J,696,11:20:00,14:40:00,,,,,,,,
6E,7072,VGA,1234567,AT7,J,546,12:55:00,14:40:00,,,,,,,,
IX,1530,IXR,1234567,7M8,J,1232,12:15:00,14:40:00,,,,,,,,
,,,,,,,,14:40:00,15:45:00,1392,J,32Q,1 34567,COK,602,6E
,,,,,,,,14:40:00,16:00:00,1232,J,7M8,1234567,IXE,1531,IX
,,,,,,,,14:40:00,15:45:00,232,J,32Q,2,CJB,602,6E
6E,7006,COK,7,AT7,J,78,13:25:00,14:45:00,,,,,,,,
,,,,,,,,14:45:00,21:00:00,258,J,789,6,LHR,347,VS
,,,,,,,,14:45:00,17:20:00,1302,J,32N,1234567,PAT,6277,6E
6E,7006,COK,1 3 5  ,AT7,J,234,13:25:00,14:45:00,,,,,,,,
,,,,,,,,14:45:00,16:15:00,186,J,32N,6,PNQ,414,6E
6E,7448,KLH,1234567,AT7,J,546,13:05:00,14:50:00,,,,,,,,
,,,,,,,,14:50:00,15:50:00,372,J,32N,1  4   ,IXE,2030,6E
,,,,,,,,14:50:00,21:05:00,774,J,789, 2 45  ,LHR,347,VS
,,,,,,,,14:50:00,16:05:00,232,J,32Q,6,HYD,407,6E
6E,7736,TCR,1234567,AT7,J,546,13:10:00,14:50:00,,,,,,,,
,,,,,,,,14:50:00,17:15:00,1295,J,7M8,1234567,VNS,1423,QP
,,,,,,,,14:55:00,16:05:00,1232,J,7M8,1234567,HYD,2051,IX
6E,128,JRG,1234567,32Q,J,1624,12:50:00,14:55:00,,,,,,,,
IX,1896,COK,34567,738,J,945,13:45:00,15:00:00,,,,,,,,
,,,,,,,,15:00:00,18:00:00,1148,J,32N,1234567,DEL,2511,AI
,,,,,,,,15:00:00,16:15:00,186,J,32N,2,MAA,182,6E
,,,,,,,,15:00:00,17:05:00,486,J,738, 2 4 6 ,MCT,284,WY
SG,674,PAT,1234567,73H,J,1323,12:10:00,15:00:00,,,,,,,,
6E,579,SAG,1234567,32Q,J,1624,13:15:00,15:00:00,,,,,,,,
6E,6946,SXR,1234567,32N,J,1302,11:25:00,15:00:00,,,,,,,,
IX,1896,COK,2,738,J,186,13:45:00,15:00:00,,,,,,,,
IX,1896,COK,1234567,738,J,189,13:45:00,15:00:00,,,,,,,,
,,,,,,,,15:00:00,16:15:00,312,J,AT7,1 3 5 7,CCJ,7575,6E
,,,,,,,,15:00:00,16:15:00,234,J,AT7, 2 4 6 ,CNN,7575,6E
,,,,,,,,15:00:00,17:05:00,1232,J,7M8,1234567,BBI,1536,IX
,,,,,,,,15:05:00,17:45:00,1624,J,32Q,1234567,CCU,6572,6E
6E,6401,COK,1  4   ,32N,J,372,13:55:00,15:10:00,,,,,,,,
,,,,,,,,15:10:00,18:05:00,1302,J,32N,1234567,DED,852,6E
,,,,,,,,15:10:00,17:30:00,185,J,7M8,2,AMD,1904,QP
6E,1606,DPS,1234567,32N,J,1302,11:20:00,15:10:00,,,,,,,,
6E,498,JAI,1234567,32Q,J,1624,12:35:00,15:10:00,,,,,,,,
,,,,,,,,15:15:00,17:45:00,1624,J,32Q,1234567,VNS,6596,6E
6E,7143,PNY,1234567,AT7,J,546,14:00:00,15:15:00,,,,,,,,
,,,,,,,,15:15:00,16:35:00,1624,J,32Q,1234567,TRV,6427,6E
,,,,,,,,15:15:00,16:35:00,928,J,32Q,12 45  ,GOI,6753,6E
,,,,,,,,15:15:00,16:35:00,696,J,32Q,  3  67,GOI,6753,6E
,,,,,,,,15:20:00,16:45:00,312,J,AT7,1 3 5 7,HBX,7162,6E
,,,,,,,,15:20:00,17:05:00,546,J,AT7,1234567,KLH,7445,6E
,,,,,,,,15:20:00,16:55:00,1295,J,7M8,1234567,PNQ,1315,QP
,,,,,,,,15:20:00,16:30:00,540,J,320,  3 5 7,GOI,1539,IX
,,,,,,,,15:20:00,16:30:00,370,J,7M8,1  4   ,COK,1361,QP
6E,850,DEL,1234567,32Q,J,1540,12:15:00,15:20:00,,,,,,,,
9I,514,SXV,1    6 ,AT7,J,140,14:20:00,15:20:00,,,,,,,,
,,,,,,,,15:25:00,17:55:00,1232,J,7M8,1234567,VNS,1540,IX
6E,302,COK,6,32N,J,186,14:15:00,15:30:00,,,,,,,,
QP,1514,DBR,1234567,7M8,J,1295,12:50:00,15:30:00,,,,,,,,
,,,,,,,,15:30:00,17:00:00,546,J,AT7,1234567,VGA,7223,6E
,,,,,,,,15:35:00,17:00:00,546,J,AT7,1234567,IXM,7207,6E
,,,,,,,,15:35:00,17:20:00,1624,J,32Q,1234567,NAG,6003,6E
IX,5304,TRZ, 2 4   ,7M8,J,368,14:25:00,15:35:00,,,,,,,,
IX,2817,PAT,1234567,7M8,J,1288,13:00:00,15:40:00,,,,,,,,
6E,6209,MAA,1234567,32Q,J,1554,14:35:00,15:40:00,,,,,,,,
6E,6774,CJB,1 34567,32Q,J,1392,14:40:00,15:40:00,,,,,,,,
6E,6774,CJB,2,32Q,J,232,14:40:00,15:40:00,,,,,,,,
,,,,,,,,15:40:00,17:50:00,1624,J,32Q,1234567,BDQ,807,6E
,,,,,,,,15:40:00,17:20:00,744,J,32N,12 4 6 ,IXU,516,6E
,,,,,,,,15:45:00,18:35:00,1540,J,32Q,1234567,DEL,860,6E
,,,,,,,,15:45:00,16:45:00,1323,J,73H,1234567,MAA,674,SG
6E,633,GOI,1234567,32Q,J,1624,14:25:00,15:45:00,,,,,,,,
,,,,,,,,15:50:00,16:50:00,372,J,32N,1  4   ,COK,2138,6E
IX,1240,JAI,1234567,7M8,J,1323,13:10:00,15:50:00,,,,,,,,
6E,6405,HYD,1234567,32Q,J,1624,14:30:00,15:50:00,,,,,,,,
IX,1520,LKO,12 4567,7M8,J,972,13:10:00,15:50:00,,,,,,,,
,,,,,,,,15:50:00,18:20:00,1624,J,32Q,1234567,JAI,469,6E
AI,2417,DEL,2345,32N,J,656,13:00:00,15:55:00,,,,,,,,
,,,,,,,,15:55:00,16:55:00,210,J,AT7, 2 4 6 ,SXV,513,9I
AI,2417,DEL,1    67,32N,J,492,13:00:00,15:55:00,,,,,,,,
,,,,,,,,16:00:00,17:45:00,1540,J,32Q,1234567,BOM,5031,6E
,,,,,,,,16:00:00,17:10:00,546,J,AT7,1234567,PNY,7142,6E
IX,2023,GOI,1 3 5 7,7M8,J,704,14:45:00,16:05:00,,,,,,,,
6E,2519,HDO,1234567,32N,J,1302,13:00:00,16:05:00,,,,,,,,
IX,2023,GOI, 2 4 6 ,7M8,J,552,14:45:00,16:05:00,,,,,,,,
6E,1044,LGK,  3 5 7,32N,J,558,15:00:00,16:10:00,,,,,,,,
6E,176,DEL,1234567,32Q,J,1540,13:15:00,16:10:00,,,,,,,,
6E,455,CCU,1    67,32Q,J,696,13:25:00,16:10:00,,,,,,,,
6E,455,LKO,3,32Q,J,232,13:45:00,16:10:00,,,,,,,,
6E,455,LKO, 2 45  ,32Q,J,696,13:30:00,16:10:00,,,,,,,,
IX,1406,LKO,3,7M8,J,162,13:35:00,16:10:00,,,,,,,,
,,,,,,,,16:10:00,17:10:00,312,J,AT7,1 3 5 7,CJB,7407,6E
,,,,,,,,16:10:00,19:40:00,480,J,7M8,1 3 5  ,ADD,691,ET
,,,,,,,,16:10:00,17:10:00,234,J,AT7, 2 4 6 ,CJB,7407,6E
,,,,,,,,16:15:00,17:30:00,945,J,738,34567,COK,2608,IX
,,,,,,,,16:15:00,17:30:00,189,J,738,1234567,COK,2608,IX
,,,,,,,,16:15:00,17:30:00,186,J,738,2,COK,2608,IX
QP,1851,IXB,  3 567,7M8,J,740,13:20:00,16:20:00,,,,,,,,
6E,302,PNQ, 2345 7,32N,J,930,14:40:00,16:20:00,,,,,,,,
6E,302,PNQ,1,32N,J,186,14:40:00,16:20:00,,,,,,,,
,,,,,,,,16:20:00,18:55:00,1302,J,32N,1234567,LKO,451,6E
,,,,,,,,16:20:00,19:20:00,1554,J,32Q,1234567,IXC,851,6E
,,,,,,,,16:25:00,19:30:00,1624,J,32Q,1234567,GAU,6774,6E
6E,5382,BOM,1234567,32Q,J,1540,14:30:00,16:25:00,,,,,,,,
,,,,,,,,16:25:00,19:25:00,1288,J,7M8,1234567,IXC,1089,IX
6E,6496,IXJ,12 4 6 ,32N,J,744,12:55:00,16:25:00,,,,,,,,
IX,2506,TRZ,1234567,7M8,J,1134,15:15:00,16:25:00,,,,,,,,
6E,6536,BBI,1234567,32Q,J,1624,14:15:00,16:25:00,,,,,,,,
IX,2882,GAU,1234567,7M8,J,1134,13:05:00,16:30:00,,,,,,,,
RA,225,KTM, 2   6 ,320,J,316,13:45:00,16:30:00,,,,,,,,
,,,,,,,,16:30:00,17:45:00,1624,J,32Q,1234567,HYD,6067,6E
,,,,,,,,16:30:00,19:25:00,1148,J,32N,1234567,DEL,2418,AI
QF,67,SYD,12 4567,332,J,1530,09:05:00,16:35:00,,,,,,,,
,,,,,,,,16:35:00,19:45:00,1323,J,7M8,1234567,GAU,2945,IX
6E,6588,JLR,1234567,32N,J,1302,14:30:00,16:35:00,,,,,,,,
IX,2718,PNQ, 2 4   ,320,J,360,14:55:00,16:40:00,,,,,,,,
6E,6532,IXD,12  5 7,32N,J,744,14:15:00,16:40:00,,,,,,,,
6E,5309,VTZ,1234567,32A,J,1260,14:55:00,16:40:00,,,,,,,,
,,,,,,,,16:40:00,17:45:00,534,J,7M8, 2 4 6 ,IXE,2924,IX
IX,2718,PNQ,1 3 5 7,7M8,J,736,14:55:00,16:40:00,,,,,,,,
,,,,,,,,16:40:00,17:55:00,1116,J,32N,12 4567,GOX,309,6E
,,,,,,,,16:40:00,17:55:00,186,J,32N,3,GOI,309,6E
6E,6739,IDR,1234567,32Q,J,1624,14:40:00,16:45:00,,,,,,,,
,,,,,,,,16:45:00,19:15:00,1302,J,32N,1234567,PAT,6451,6E
,,,,,,,,16:50:00,18:30:00,552,J,7M8, 2 4 6 ,VTZ,2023,IX
,,,,,,,,16:50:00,19:00:00,1624,J,32Q,1234567,AMD,239,6E
,,,,,,,,16:50:00,18:30:00,704,J,7M8,1 3 5 7,VTZ,2023,IX
,,,,,,,,16:55:00,19:10:00,196,J,321,2,AUH,237,EY
,,,,,,,,16:55:00,19:35:00,1134,J,7M8,1234567,PAT,1504,IX
,,,,,,,,16:55:00,19:10:00,316,J,32A,   4 6 ,AUH,237,EY
,,,,,,,,17:00:00,18:00:00,1302,J,32N,1234567,IXE,109,6E
,,,,,,,,17:00:00,19:50:00,1540,J,32Q,1234567,DEL,6039,6E
S5,182,GOX,1234 6 ,E75,J,380,15:50:00,17:00:00,,,,,,,,
6E,7177,KJB, 2 4 6 ,AT7,J,234,15:50:00,17:00:00,,,,,,,,
6E,6036,KNU,1 3 5  ,32N,J,558,14:35:00,17:05:00,,,,,,,,
6E,6036,KNU,6,32N,J,186,14:35:00,17:05:00,,,,,,,,
6E,1862,MRU,1234567,32N,J,1302,09:30:00,17:05:00,,,,,,,,
6E,509,RDP,1234567,32N,J,1302,14:25:00,17:05:00,,,,,,,,
,,,,,,,,17:05:00,19:55:00,744,J,32N,12 4 6 ,CCU,223,6E
,,,,,,,,17:05:00,19:55:00,696,J,32Q,  3 5 7,CCU,223,6E
6E,306,IXE,1234567,32N,J,1302,16:05:00,17:10:00,,,,,,,,
,,,,,,,,17:10:00,18:35:00,1134,J,7M8,1234567,TRV,2506,IX
,,,,,,,,17:10:00,19:15:00,546,J,AT7,1234567,RJA,7231,6E
,,,,,,,,17:15:00,19:25:00,558,J,32N,  3 5 7,BHO,6465,6E
,,,,,,,,17:15:00,19:05:00,1302,J,32N,1234567,NAG,6891,6E
IX,1604,IXC,1234567,7M8,J,1323,14:05:00,17:15:00,,,,,,,,
,,,,,,,,17:15:00,19:25:00,928,J,32Q,12 4 6 ,BHO,6465,6E
,,,,,,,,17:15:00,18:10:00,1624,J,32Q,1234567,MAA,356,6E
6E,6538,DGH,1234567,32Q,J,1624,14:45:00,17:20:00,,,,,,,,
6E,847,MAA,1234567,32Q,J,1624,16:15:00,17:20:00,,,,,,,,
,,,,,,,,17:20:00,19:15:00,372,J,32N,123 567,STV,6008,6E
,,,,,,,,17:20:00,19:15:00,372,J,32N,12  5 7,STV,6008,6E
6E,5071,BOM,234567,32Q,J,1320,15:35:00,17:25:00,,,,,,,,
6E,7712,TRZ,2,AT7,J,78,16:10:00,17:25:00,,,,,,,,
6E,828,DEL,1234567,32Q,J,1540,14:30:00,17:25:00,,,,,,,,
6E,6357,IXZ,1234567,32Q,J,1624,14:50:00,17:25:00,,,,,,,,
6E,7712,TRZ,1 34567,AT7,J,468,16:10:00,17:25:00,,,,,,,,
IX,2891,STV,1234567,7M8,J,1134,15:30:00,17:30:00,,,,,,,,
,,,,,,,,17:30:00,19:15:00,1540,J,32Q,1234567,BOM,5255,6E
,,,,,,,,17:30:00,20:45:00,316,J,320, 2   6 ,KTM,226,RA
,,,,,,,,17:30:00,19:20:00,1624,J,32Q,1234567,RPR,978,6E
6E,332,BEK, 2 4  7,32N,J,558,14:45:00,17:35:00,,,,,,,,
,,,,,,,,17:35:00,19:20:00,736,J,7M8,1 3 5 7,PNQ,2913,IX
6E,738,COK,1 34567,32Q,J,1392,16:20:00,17:35:00,,,,,,,,
,,,,,,,,17:35:00,19:20:00,540,J,320, 2 4 6 ,PNQ,2913,IX
,,,,,,,,17:35:00,20:25:00,1134,J,7M8,1234567,DEL,1040,IX
AI,2853,BOM,1234567,32N,J,1148,15:25:00,17:35:00,,,,,,,,
6E,738,CJB,2,32Q,J,232,16:30:00,17:40:00,,,,,,,,
6E,1128,MLE,12 4 6 ,32Q,J,928,15:15:00,17:40:00,,,,,,,,
IX,1581,IXE,1234567,7M8,J,1232,16:35:00,17:40:00,,,,,,,,
6E,1128,MLE,  3 5 7,32Q,J,696,15:15:00,17:40:00,,,,,,,,
,,,,,,,,17:40:00,18:55:00,720,J,32A,12 45  ,GOI,6168,6E
,,,,,,,,17:40:00,18:50:00,558,J,738,1 3 5  ,TRZ,5306,IX
,,,,,,,,17:40:00,18:55:00,540,J,32A,  3  67,GOI,6168,6E
,,,,,,,,17:45:00,19:40:00,185,J,7M8,4,BOM,1986,QP
,,,,,,,,17:45:00,20:10:00,1302,J,32N,1234567,IXR,221,6E
QP,1335,DEL,3,7M8,J,185,14:55:00,17:45:00,,,,,,,,
IX,2793,IXZ,1234567,32N,J,1302,15:05:00,17:45:00,,,,,,,,
6E,314,HYD,1234567,32Q,J,1624,16:30:00,17:50:00,,,,,,,,
6E,958,CCU,1234567,32Q,J,1624,15:10:00,17:50:00,,,,,,,,
AI,2819,DEL,1234567,32N,J,1148,15:00:00,17:55:00,,,,,,,,
IX,1507,DED,1234567,7M8,J,1232,14:45:00,17:55:00,,,,,,,,
IX,873,KTM,1234567,7M8,J,1134,14:55:00,17:55:00,,,,,,,,
,,,,,,,,17:55:00,19:25:00,546,J,AT7,1234567,IXG,7226,6E
,,,,,,,,17:55:00,19:50:00,1302,J,32N,1234567,IDR,747,6E
,,,,,,,,18:00:00,19:45:00,1295,J,7M8,1234567,NMI,2002,QP
,,,,,,,,18:00:00,20:45:00,1148,J,32N,1234567,DEL,2820,AI
,,,,,,,,18:00:00,19:05:00,1624,J,32Q,1234567,COK,144,6E
6E,6428,TRV,12 4 6 ,32Q,J,928,16:50:00,18:05:00,,,,,,,,
,,,,,,,,18:05:00,20:05:00,1148,J,32N,1234567,BOM,2854,AI
IX,1538,CCU,1234567,7M8,J,1232,15:15:00,18:05:00,,,,,,,,
6E,6428,TRV,  3 5 7,32Q,J,696,16:50:00,18:05:00,,,,,,,,
6E,6508,HSR,1234567,32N,J,1302,15:55:00,18:10:00,,,,,,,,
6E,7576,CCJ,1 3 5 7,AT7,J,312,16:40:00,18:10:00,,,,,,,,
6E,7576,CNN, 2 4 6 ,AT7,J,234,16:40:00,18:10:00,,,,,,,,
AI,2664,DEL,1234567,359,J,2212,15:30:00,18:10:00,,,,,,,,
IC,3411,HBX,1234567,AT7,J,504,16:55:00,18:15:00,,,,,,,,
,,,,,,,,18:15:00,21:05:00,1540,J,32Q,1234567,DEL,6034,6E
,,,,,,,,18:15:00,20:55:00,1134,J,7M8,1234567,LKO,1541,IX
,,,,,,,,18:15:00,19:15:00,1624,J,32Q,1234567,MAA,6017,6E
,,,,,,,,18:15:00,20:40:00,1392,J,32Q,1 34567,VNS,738,6E
,,,,,,,,18:15:00,20:40:00,232,J,32Q,2,VNS,738,6E
6E,6754,GOI,123456,32Q,J,1392,17:05:00,18:20:00,,,,,,,,
,,,,,,,,18:20:00,20:50:00,1624,J,32Q,1234567,JAI,6141,6E
,,,,,,,,18:20:00,19:20:00,712,J,7M8,1 3 5 7,CCJ,5313,IX
,,,,,,,,18:20:00,19:20:00,378,J,738, 2   6 ,CCJ,1365,IX
,,,,,,,,18:20:00,19:20:00,178,J,7M8,4,CCJ,1365,IX
IX,1345,HYD,1234567,7M8,J,1232,16:50:00,18:20:00,,,,,,,,
6E,6754,GOI,7,32Q,J,232,17:05:00,18:20:00,,,,,,,,
6E,942,AGR,1234567,32N,J,1302,15:45:00,18:25:00,,,,,,,,
6E,6548,ISK,1234567,32Q,J,1624,16:35:00,18:25:00,,,,,,,,
,,,,,,,,18:25:00,21:20:00,189,J,73H,6,DEL,189,SG
,,,,,,,,18:25:00,21:15:00,185,J,7M8,3,DEL,1336,QP
,,,,,,,,18:25:00,20:10:00,1232,J,7M8,1234567,NMI,1581,IX
,,,,,,,,18:30:00,19:55:00,234,J,AT7, 2 4 6 ,HBX,7162,6E
,,,,,,,,18:30:00,10:15:00,1530,J,332,12 4567,SYD,68,QF
QP,1504,BBI,1234567,7M8,J,1295,16:20:00,18:30:00,,,,,,,,
,,,,,,,,18:30:00,21:10:00,1624,J,32Q,1234567,CCU,676,6E
6E,137,PNQ,1234567,32N,J,1302,16:55:00,18:35:00,,,,,,,,
,,,,,,,,18:35:00,19:45:00,1624,J,32Q,1234567,HYD,638,6E
,,,,,,,,18:40:00,20:30:00,1302,J,32N,1234567,NAG,2793,IX
6E,880,DEL,1234567,32Q,J,1540,15:45:00,18:40:00,,,,,,,,
,,,,,,,,18:40:00,19:45:00,546,J,AT7,1234567,CJB,7581,6E
6E,365,MAA,12 4 6 ,32N,J,744,17:40:00,18:45:00,,,,,,,,
,,,,,,,,18:45:00,20:15:00,1624,J,32Q,1234567,CMB,1183,6E
,,,,,,,,18:45:00,20:15:00,504,J,AT7,1234567,HBX,3412,IC
6E,6934,NAG,3,32N,J,186,16:55:00,18:45:00,,,,,,,,
6E,7012,CJB,1,AT7,J,78,17:30:00,18:45:00,,,,,,,,
6E,7012,CJB,23456,AT7,J,390,17:30:00,18:45:00,,,,,,,,
6E,7012,CJB,7,AT7,J,78,17:30:00,18:45:00,,,,,,,,
IX,1168,SXR,1234567,7M8,J,1323,15:10:00,18:50:00,,,,,,,,
IX,2115,COK, 2   6 ,738,J,378,17:35:00,18:50:00,,,,,,,,
IX,2115,COK,1 3 5 7,738,J,744,17:35:00,18:50:00,,,,,,,,
IX,2115,COK,4,7M8,J,178,17:35:00,18:50:00,,,,,,,,
,,,,,,,,18:50:00,20:15:00,232,J,32Q,6,PNQ,105,6E
,,,,,,,,18:50:00,20:15:00,1392,J,32Q,12345 7,PNQ,105,6E
,,,,,,,,18:50:00,19:45:00,1116,J,32N,1234567,IXE,6162,6E
6E,7163,IXM,1234567,AT7,J,546,17:25:00,18:55:00,,,,,,,,
,,,,,,,,18:55:00,21:30:00,1232,J,7M8,1234567,CCU,1871,IX
,,,,,,,,18:55:00,21:00:00,1302,J,32N,1234567,BBI,411,6E
IX,2963,IXB,1   5 7,7M8,J,567,16:00:00,18:55:00,,,,,,,,
6E,5221,BOM,1234567,32Q,J,1540,17:00:00,18:55:00,,,,,,,,
IX,2963,IXB,  3  67,738,J,378,16:00:00,18:55:00,,,,,,,,
IX,896,RUH,1   5 7,7M8,J,534,11:30:00,18:55:00,,,,,,,,
IX,2963,IXB,4,738,J,186,16:00:00,18:55:00,,,,,,,,
,,,,,,,,19:00:00,20:30:00,1302,J,32N,1234567,VTZ,969,6E
,,,,,,,,19:00:00,20:20:00,1232,J,7M8,1234567,GOI,1538,IX
,,,,,,,,19:00:00,21:45:00,1148,J,32N,1234567,DEL,2802,AI
,,,,,,,,19:00:00,21:05:00,1148,J,32N,1234567,BOM,2610,AI
IX,1368,IDR, 2 4 6 ,7M8,J,528,17:00:00,19:05:00,,,,,,,,
,,,,,,,,19:05:00,20:45:00,1540,J,32Q,1234567,BOM,6283,6E
,,,,,,,,19:05:00,20:15:00,1232,J,7M8,1234567,HYD,1250,IX
IX,1368,IDR,1 3 5 7,7M8,J,712,17:00:00,19:05:00,,,,,,,,
QP,624,HKT,1234567,7M8,J,1295,16:10:00,19:05:00,,,,,,,,
6E,6417,HYD,1234567,32N,J,1302,17:45:00,19:05:00,,,,,,,,
6E,7224,VGA,1234567,AT7,J,546,17:20:00,19:10:00,,,,,,,,
6E,388,IXE, 2 4 6 ,32N,J,558,18:10:00,19:10:00,,,,,,,,
IX,883,BKK,1234567,32N,J,1302,16:45:00,19:10:00,,,,,,,,
,,,,,,,,19:10:00,20:25:00,1116,J,32N,123456,GOI,6554,6E
,,,,,,,,19:10:00,20:25:00,186,J,32N,7,GOI,6554,6E
,,,,,,,,19:15:00,21:35:00,1624,J,32Q,1234567,LKO,903,6E
,,,,,,,,19:15:00,20:15:00,1302,J,32N,1234567,CCJ,152,6E
AI,2817,DEL,1234567,32N,J,1148,16:30:00,19:15:00,,,,,,,,
QP,1316,PNQ,1234567,7M8,J,1295,17:35:00,19:15:00,,,,,,,,
6E,863,AMD,1234567,32N,J,1302,16:55:00,19:15:00,,,,,,,,
6E,388,IXE,1 3 5 7,32N,J,744,18:10:00,19:15:00,,,,,,,,
EK,566,DXB,1234567,77W,J,2478,13:45:00,19:20:00,,,,,,,,
,,,,,,,,19:20:00,20:50:00,546,J,AT7,1234567,VGA,7134,6E
6E,525,IXA, 2  5  ,32N,J,372,16:20:00,19:25:00,,,,,,,,
,,,,,,,,19:25:00,22:00:00,1134,J,7M8,1234567,JAI,1526,IX
IX,2932,GAU,1234567,7M8,J,1232,16:05:00,19:25:00,,,,,,,,
6E,525,IXA,1 3   7,32N,J,558,16:20:00,19:25:00,,,,,,,,
6E,525,IXA,   4 6 ,32N,J,372,16:20:00,19:25:00,,,,,,,,
,,,,,,,,19:25:00,20:40:00,234,J,AT7,  3  67,TRZ,7165,6E
,,,,,,,,19:25:00,20:40:00,312,J,AT7,12 45  ,TRZ,7165,6E
QP,1822,DEL,1234567,7M8,J,1295,16:40:00,19:30:00,,,,,,,,
,,,,,,,,19:30:00,22:15:00,1540,J,32Q,1234567,DEL,870,6E
IX,2002,AMD,1234567,32N,J,1302,17:10:00,19:30:00,,,,,,,,
,,,,,,,,19:30:00,20:35:00,744,J,32N,12 4 6 ,MAA,6012,6E
6E,517,IXU,4,32N,J,186,17:50:00,19:30:00,,,,,,,,
6E,517,IXU, 2   6 ,32N,J,372,17:50:00,19:30:00,,,,,,,,
6E,517,IXU,1,32N,J,186,17:50:00,19:30:00,,,,,,,,
IX,2176,IXR,234567,32N,J,1116,17:05:00,19:30:00,,,,,,,,
IX,2176,IXR,1,320,J,180,17:05:00,19:30:00,,,,,,,,
6E,909,NAG,1234567,32Q,J,1624,17:50:00,19:35:00,,,,,,,,
AI,2849,BOM,1234567,32N,J,1148,17:30:00,19:35:00,,,,,,,,
,,,,,,,,19:35:00,21:10:00,70,J,AT7,5,GOI,547,9I
,,,,,,,,19:35:00,20:40:00,178,J,7M8,4,COK,2116,IX
,,,,,,,,19:35:00,20:40:00,189,J,738,6,COK,2116,IX
,,,,,,,,19:35:00,20:40:00,186,J,738,123 5 7,COK,2116,IX
,,,,,,,,19:35:00,20:40:00,558,J,738,  3 5 7,COK,2116,IX
,,,,,,,,19:35:00,20:40:00,189,J,738,2,COK,2116,IX
6E,429,IXC,1234567,32Q,J,1624,16:40:00,19:40:00,,,,,,,,
,,,,,,,,19:40:00,22:40:00,2212,J,359,1234567,DEL,2665,AI
,,,,,,,,19:40:00,21:00:00,546,J,AT7,1234567,IXM,7586,6E
6E,757,CCU,1234567,32Q,J,1624,17:00:00,19:40:00,,,,,,,,
,,,,,,,,19:40:00,20:50:00,1323,J,7M8,1234567,MAA,1168,IX
6E,435,LKO,3456,32N,J,744,17:05:00,19:45:00,,,,,,,,
,,,,,,,,19:45:00,21:00:00,1302,J,32N,1234567,HYD,855,6E
6E,435,LKO,1     7,32N,J,372,17:05:00,19:45:00,,,,,,,,
6E,435,LKO,2,32N,J,186,17:05:00,19:45:00,,,,,,,,
QP,1133,BOM,1234567,7M8,J,1295,18:05:00,19:45:00,,,,,,,,
6E,6298,GOX,12 4567,32N,J,1116,18:25:00,19:50:00,,,,,,,,
6E,6298,GOI,3,32N,J,186,18:25:00,19:50:00,,,,,,,,
,,,,,,,,19:50:00,21:00:00,712,J,7M8,1 3 5 7,IXE,2924,IX
,,,,,,,,19:50:00,23:10:00,189,J,7M8,7,JED,941,IX
EY,238,AUH,3,320,J,158,14:15:00,19:55:00,,,,,,,,
,,,,,,,,19:55:00,20:55:00,1302,J,32N,1234567,CJB,6875,6E
EY,238,AUH,4,789,J,226,14:15:00,19:55:00,,,,,,,,
,,,,,,,,19:55:00,21:20:00,378,J,738,  3  67,TRV,1367,IX
,,,,,,,,19:55:00,21:20:00,567,J,7M8,1   5 7,TRV,1367,IX
6E,837,DEL,1234567,32Q,J,1540,17:00:00,19:55:00,,,,,,,,
,,,,,,,,19:55:00,21:20:00,372,J,738, 2 4   ,TRV,1367,IX
EY,238,AUH,2,789,J,303,14:15:00,19:55:00,,,,,,,,
,,,,,,,,19:55:00,22:25:00,1246,J,7M8,1234567,DXB,921,IX
EY,238,AUH,1     7,32A,J,316,14:15:00,19:55:00,,,,,,,,
EY,238,AUH,56,789,J,580,14:15:00,19:55:00,,,,,,,,
,,,,,,,,20:00:00,22:45:00,656,J,32N,1 3456 ,DEL,2818,AI
,,,,,,,,20:00:00,23:30:00,189,J,7M8,1,JED,941,IX
,,,,,,,,20:00:00,21:35:00,1295,J,7M8,1234567,PNQ,1317,QP
,,,,,,,,20:00:00,22:45:00,328,J,32N, 2    7,DEL,2818,AI
,,,,,,,,20:00:00,22:45:00,164,J,32N,1234567,DEL,2818,AI
,,,,,,,,20:00:00,22:10:00,1624,J,32Q,1234567,AMD,6423,6E
,,,,,,,,20:00:00,23:25:00,189,J,7M8,4,JED,941,IX
IX,1408,IXB,2,32N,J,186,17:00:00,20:05:00,,,,,,,,
IX,1408,IXB,1 34567,32N,J,1116,17:00:00,20:05:00,,,,,,,,
6E,6783,HYD,1234567,32N,J,1302,18:45:00,20:05:00,,,,,,,,
6E,189,MAA,1234567,32N,J,1302,19:05:00,20:10:00,,,,,,,,
,,,,,,,,20:10:00,22:00:00,744,J,32N,1234567,DOH,931,IX
,,,,,,,,20:10:00,21:45:00,1302,J,32N,1234567,NMI,163,6E
,,,,,,,,20:10:00,21:15:00,1295,J,7M8,1234567,CCJ,1743,QP
,,,,,,,,20:10:00,22:00:00,186,J,32N,1  4567,DOH,931,IX
,,,,,,,,20:10:00,22:00:00,378,J,7M8, 23 56 ,DOH,931,IX
,,,,,,,,20:15:00,22:00:00,220,J,32Q,4,BOM,5376,6E
,,,,,,,,20:15:00,22:00:00,440,J,32Q,1    6 ,BOM,5376,6E
S5,184,NDC,1234567,E75,J,616,18:45:00,20:15:00,,,,,,,,
QP,1324,GAU,1  4   ,7M8,J,370,16:55:00,20:15:00,,,,,,,,
9I,508,COK,3,AT7,J,70,18:50:00,20:15:00,,,,,,,,
,,,,,,,,20:15:00,22:50:00,1302,J,32N,1234567,PAT,6120,6E
,,,,,,,,20:15:00,22:00:00,880,J,32Q, 23 5 7,BOM,5376,6E
UL,171,CMB,1   5 7,320,J,408,18:55:00,20:20:00,,,,,,,,
,,,,,,,,20:20:00,23:00:00,1624,J,32Q,1234567,CCU,975,6E
,,,,,,,,20:20:00,21:15:00,1160,J,32Q,1234567,MAA,6077,6E
,,,,,,,,20:20:00,21:25:00,464,J,32Q,1234567,MAA,6077,6E
QP,1424,VNS,1234567,7M8,J,1295,17:50:00,20:25:00,,,,,,,,
,,,,,,,,20:25:00,22:10:00,1232,J,7M8,1234567,NMI,1360,IX
6E,5047,BOM,1234567,32Q,J,1540,18:30:00,20:25:00,,,,,,,,
,,,,,,,,20:25:00,21:30:00,372,J,32N,1     7,COK,435,6E
,,,,,,,,20:25:00,21:30:00,930,J,32N,23456,COK,435,6E
IX,2983,TRV,1234567,7M8,J,1134,19:05:00,20:30:00,,,,,,,,
,,,,,,,,20:30:00,22:40:00,164,J,32N,7,BOM,2850,AI
6E,6276,PAT,1234567,32N,J,1302,17:55:00,20:30:00,,,,,,,,
,,,,,,,,20:30:00,22:55:00,558,J,32N,12  5  ,KWI,927,IX
,,,,,,,,20:30:00,23:40:00,1624,J,32Q,1234567,IXC,6385,6E
,,,,,,,,20:30:00,22:40:00,984,J,32N,123456,BOM,2850,AI
AI,2641,BOM,1234567,32N,J,1148,18:30:00,20:35:00,,,,,,,,
6E,808,BDQ,1234567,32Q,J,1624,18:20:00,20:35:00,,,,,,,,
,,,,,,,,20:35:00,22:45:00,1302,J,32N,1234567,AMD,2015,IX
6E,6303,GOP,1234567,32N,J,1302,18:00:00,20:35:00,,,,,,,,
,,,,,,,,20:40:00,23:30:00,1540,J,32Q,1234567,DEL,817,6E
IX,2874,PNQ,1234567,7M8,J,1232,18:55:00,20:40:00,,,,,,,,
,,,,,,,,20:40:00,22:05:00,1302,J,32N,1234567,PNQ,441,6E
QP,1905,AMD,1234567,7M8,J,1295,18:10:00,20:40:00,,,,,,,,
6E,6527,GOX,12 4567,32N,J,1116,19:20:00,20:45:00,,,,,,,,
,,,,,,,,20:45:00,22:50:00,1302,J,32N,1234567,BBI,6086,6E
6E,6597,VNS,1234567,32Q,J,1624,18:15:00,20:45:00,,,,,,,,
,,,,,,,,20:50:00,22:35:00,70,J,AT7,4,HYD,517,9I
,,,,,,,,20:50:00,23:05:00,558,J,32N, 2 4 67,DMM,863,IX
6E,6922,COK,1234567,32Q,J,1624,19:35:00,20:50:00,,,,,,,,
,,,,,,,,20:50:00,22:25:00,70,J,AT7,1,GOI,547,9I
,,,,,,,,20:50:00,23:05:00,189,J,7M8,2,DMM,863,IX
,,,,,,,,20:50:00,22:45:00,1302,J,32N,1234567,IDR,6743,6E
IX,2017,DED,1234567,7M8,J,1232,17:40:00,20:55:00,,,,,,,,
6E,6163,GOI,67,32A,J,360,19:25:00,20:55:00,,,,,,,,
6E,6163,GOI,12345,32A,J,900,19:25:00,20:55:00,,,,,,,,
AI,2813,DEL,1234567,32N,J,1148,18:00:00,20:55:00,,,,,,,,
S5,195,KLH,    5 7,E75,J,152,19:40:00,21:00:00,,,,,,,,
IX,1982,VNS,1234567,7M8,J,1232,18:25:00,21:00:00,,,,,,,,
,,,,,,,,21:00:00,23:20:00,2478,J,77W,1234567,DXB,567,EK
6E,5034,STV,1234567,32Q,J,1624,19:05:00,21:05:00,,,,,,,,
6E,811,DEL,1234567,32Q,J,1540,18:20:00,21:10:00,,,,,,,,
,,,,,,,,21:10:00,22:10:00,558,J,32N,  3 5 7,IXE,578,6E
,,,,,,,,21:10:00,23:35:00,1116,J,32N,234567,AUH,865,IX
,,,,,,,,21:10:00,23:35:00,180,J,320,1,AUH,865,IX
,,,,,,,,21:10:00,22:10:00,744,J,32N,12 4 6 ,IXE,578,6E
6E,7582,CJB,1234567,AT7,J,546,20:05:00,21:15:00,,,,,,,,
,,,,,,,,21:15:00,22:30:00,1624,J,32Q,1234567,HYD,6784,6E
,,,,,,,,21:15:00,04:40:00,1302,J,32N,1234567,SIN,1005,6E
6E,6432,NAG,1234567,32N,J,1302,19:35:00,21:20:00,,,,,,,,
6E,7239,IXG,1234567,AT7,J,546,19:45:00,21:20:00,,,,,,,,
,,,,,,,,21:20:00,22:45:00,408,J,320,1   5 7,CMB,172,UL
S5,156,HYD,2,E75,J,88,20:05:00,21:20:00,,,,,,,,
9I,518,HYD,1,AT7,J,70,19:35:00,21:20:00,,,,,,,,
6E,285,HYD,1234567,32N,J,1302,20:00:00,21:20:00,,,,,,,,
AI,2487,DEL,1234567,32N,J,1148,18:30:00,21:25:00,,,,,,,,
,,,,,,,,21:30:00,22:45:00,1302,J,32N,1234567,GOX,6526,6E
,,,,,,,,21:30:00,23:35:00,656,J,32N,12 4 6 ,BOM,2642,AI
,,,,,,,,21:30:00,23:35:00,492,J,32N,  3 5 7,BOM,2642,AI
,,,,,,,,21:35:00,22:55:00,232,J,32Q,3,TRV,6628,6E
,,,,,,,,21:35:00,23:50:00,1295,J,7M8,1234567,AMD,1906,QP
,,,,,,,,21:35:00,22:55:00,232,J,32Q,7,TRV,6628,6E
,,,,,,,,21:35:00,22:55:00,464,J,32Q,1    6 ,TRV,6628,6E
,,,,,,,,21:35:00,22:55:00,232,J,32Q,2,TRV,6628,6E
,,,,,,,,21:35:00,22:55:00,232,J,32Q,   4  7,TRV,6628,6E
6E,556,JAI,1234567,32Q,J,1624,19:00:00,21:35:00,,,,,,,,
GF,280,BAH,6,321,J,169,14:05:00,21:35:00,,,,,,,,
GF,280,BAH,12345 7,32Q,J,1152,14:05:00,21:35:00,,,,,,,,
,,,,,,,,21:35:00,22:55:00,232,J,32Q,5,TRV,6628,6E
,,,,,,,,21:40:00,23:25:00,1260,J,32A,1234567,NAG,486,6E
,,,,,,,,21:40:00,23:10:00,1624,J,32Q,1234567,PNQ,528,6E
6E,6251,CCU,  3 5 7,32Q,J,696,19:00:00,21:40:00,,,,,,,,
6E,1092,SIN,1234567,32N,J,1302,19:40:00,21:40:00,,,,,,,,
6E,6251,CCU,12 4 6 ,32Q,J,928,19:00:00,21:40:00,,,,,,,,
6E,5032,BOM,12 4 6 ,32Q,J,880,20:05:00,21:45:00,,,,,,,,
,,,,,,,,21:45:00,23:00:00,696,J,32Q,1  4 6 ,GOI,977,6E
6E,5032,BOM,  3 5 7,32Q,J,660,20:05:00,21:45:00,,,,,,,,
,,,,,,,,21:45:00,23:00:00,232,J,32Q,5,GOI,977,6E
,,,,,,,,21:45:00,23:00:00,232,J,32Q,3,GOI,977,6E
6E,7232,RJA,1234567,AT7,J,546,20:00:00,21:45:00,,,,,,,,
,,,,,,,,21:45:00,23:00:00,232,J,32Q,7,GOI,977,6E
,,,,,,,,21:45:00,23:00:00,232,J,32Q,2,GOI,977,6E
,,,,,,,,21:50:00,23:20:00,1232,J,7M8,1234567,PNQ,2680,IX
,,,,,,,,21:50:00,23:05:00,88,J,E75,2,HYD,155,S5
SQ,510,SIN,1234567,359,J,2121,20:05:00,21:50:00,,,,,,,,
,,,,,,,,21:50:00,22:55:00,1302,J,32N,1234567,MAA,6562,6E
6E,6136,DED,1234567,32N,J,1302,18:50:00,21:50:00,,,,,,,,
,,,,,,,,21:50:00,23:35:00,70,J,AT7,1,HYD,519,9I
6E,7378,HBX,1234567,AT7,J,546,20:25:00,21:50:00,,,,,,,,
AI,2865,BOM,1234567,32N,J,1148,19:45:00,21:50:00,,,,,,,,
SG,669,BOM,1234567,73H,J,1323,19:50:00,21:50:00,,,,,,,,
6E,979,RPR,1234567,32Q,J,1624,19:55:00,21:55:00,,,,,,,,
AI,2512,DEL,1234567,32N,J,1148,19:00:00,21:55:00,,,,,,,,
6E,6466,BHO,12 4 6 ,32Q,J,928,20:00:00,22:00:00,,,,,,,,
,,,,,,,,22:00:00,00:50:00,880,J,32Q, 23 5 7,DEL,6406,6E
,,,,,,,,22:00:00,00:50:00,660,J,32Q,1  4 6 ,DEL,6406,6E
6E,6466,BHO,  3 5 7,32N,J,558,20:00:00,22:00:00,,,,,,,,
,,,,,,,,22:00:00,00:55:00,164,J,32N,1234567,DEL,2814,AI
,,,,,,,,22:00:00,00:55:00,656,J,32N,1 3456 ,DEL,2814,AI
,,,,,,,,22:00:00,00:55:00,328,J,32N, 2    7,DEL,2814,AI
6E,7729,CNN,1234567,AT7,J,546,20:40:00,22:05:00,,,,,,,,
6E,481,AMD,  3 5 7,32Q,J,696,19:45:00,22:05:00,,,,,,,,
6E,481,AMD,12 4 6 ,32Q,J,928,19:45:00,22:05:00,,,,,,,,
,,,,,,,,22:10:00,23:20:00,1232,J,7M8,1234567,MAA,2787,IX
IX,2004,GOI,1234567,7M8,J,1232,21:00:00,22:10:00,,,,,,,,
QP,1883,GOP,1234567,7M8,J,1295,19:25:00,22:10:00,,,,,,,,
,,,,,,,,22:15:00,00:35:00,580,J,789,56,AUH,239,EY
6E,6557,GOI,  3 5  ,32N,J,372,20:55:00,22:15:00,,,,,,,,
SG,151,DEL,2,7M8,J,189,19:20:00,22:15:00,,,,,,,,
6E,7166,TRZ,123456,AT7,J,468,21:00:00,22:15:00,,,,,,,,
6E,6557,GOI,12 4   ,32N,J,558,20:55:00,22:15:00,,,,,,,,
SG,151,DEL,1  456 ,7M8,J,756,19:20:00,22:15:00,,,,,,,,
6E,6557,GOI,6,32N,J,186,20:55:00,22:15:00,,,,,,,,
6E,7166,TRZ,7,AT7,J,78,21:00:00,22:15:00,,,,,,,,
VN,0983,HAN,   4 6 ,321,J,356,18:50:00,22:15:00,,,,,,,,
VN,0983,HAN, 2    7,321,J,368,18:50:00,22:15:00,,,,,,,,
SG,151,DEL,  3   7,7M8,J,378,19:20:00,22:15:00,,,,,,,,
,,,,,,,,22:15:00,00:35:00,303,J,789,2,AUH,239,EY
,,,,,,,,22:15:00,00:35:00,158,J,320,3,AUH,239,EY
6E,6557,GOI,7,32N,J,186,20:55:00,22:15:00,,,,,,,,
,,,,,,,,22:15:00,00:35:00,316,J,32A,1     7,AUH,239,EY
,,,,,,,,22:15:00,00:35:00,226,J,789,4,AUH,239,EY
OD,241,KUL, 2 4  7,738,J,486,20:40:00,22:20:00,,,,,,,,
,,,,,,,,22:20:00,01:00:00,1624,J,32Q,1234567,CCU,952,6E
6E,6085,BBI, 2   6 ,32N,J,372,20:10:00,22:20:00,,,,,,,,
,,,,,,,,22:20:00,00:30:00,169,J,321,6,BAH,281,GF
AI,2809,DEL,1234567,32N,J,1148,19:30:00,22:20:00,,,,,,,,
6E,6085,BBI,1 345 7,32N,J,930,20:10:00,22:20:00,,,,,,,,
,,,,,,,,22:20:00,00:05:00,1540,J,32Q,1234567,BOM,5094,6E
,,,,,,,,22:20:00,00:30:00,1152,J,32Q,12345 7,BAH,281,GF
QP,1516,BOM,1234567,7M8,J,1295,20:35:00,22:25:00,,,,,,,,
6E,861,DEL,12 4 6 ,32Q,J,880,19:30:00,22:25:00,,,,,,,,
6E,861,DEL,  3 5 7,32Q,J,660,19:30:00,22:25:00,,,,,,,,
IX,1378,HYD,1234567,7M8,J,1232,21:05:00,22:25:00,,,,,,,,
,,,,,,,,22:30:00,00:35:00,1148,J,32N,1234567,BOM,2840,AI
,,,,,,,,22:30:00,23:45:00,696,J,32Q,1 34   ,HYD,684,6E
,,,,,,,,22:30:00,01:25:00,1148,J,32N,1234567,DEL,2488,AI
S5,152,HYD,1 34567,E75,J,456,21:20:00,22:30:00,,,,,,,,
,,,,,,,,22:30:00,23:45:00,232,J,32Q,6,HYD,684,6E
,,,,,,,,22:30:00,23:45:00,232,J,32Q,2,HYD,684,6E
,,,,,,,,22:30:00,23:45:00,464,J,32Q,    5 7,HYD,684,6E
6E,107,PNQ,  3 5 7,32Q,J,696,20:55:00,22:35:00,,,,,,,,
IX,2662,MAA,1234567,7M8,J,1323,21:25:00,22:35:00,,,,,,,,
6E,107,PNQ,12 4   ,32Q,J,696,20:55:00,22:35:00,,,,,,,,
VJ,1801,SGN,1 3 5 7,321,J,752,19:20:00,22:35:00,,,,,,,,
,,,,,,,,22:35:00,00:35:00,1323,J,73H,1234567,BOM,269,SG
IX,1640,NMI,7,7M8,J,176,20:55:00,22:35:00,,,,,,,,
6E,107,PNQ,6,32Q,J,232,20:55:00,22:35:00,,,,,,,,
IX,1640,NMI,123456,7M8,J,1056,20:55:00,22:35:00,,,,,,,,
6E,5355,CJB,1234567,32N,J,1302,21:25:00,22:40:00,,,,,,,,
,,,,,,,,22:40:00,01:05:00,1160,J,32Q,1234567,JAI,838,6E
FD,137,DMK,1234567,320,J,1260,20:25:00,22:40:00,,,,,,,,
6E,6452,PAT,1234567,32N,J,1302,20:00:00,22:40:00,,,,,,,,
,,,,,,,,22:40:00,00:50:00,464,J,32Q,1234567,JAI,838,6E
AK,53,KUL,1 3 5 7,320,J,720,21:05:00,22:45:00,,,,,,,,
6E,6505,HYD,  3 5 7,32Q,J,696,21:25:00,22:45:00,,,,,,,,
AI,2401,BOM,12 4 67,32N,J,820,20:45:00,22:45:00,,,,,,,,
6E,6505,HYD,12 4 6 ,32Q,J,928,21:25:00,22:45:00,,,,,,,,
AI,2401,BOM,  3 5  ,32N,J,328,20:45:00,22:45:00,,,,,,,,
QP,1744,CCJ,1234567,7M8,J,1295,21:50:00,22:50:00,,,,,,,,
6E,472,COK,12 4 6 ,32Q,J,928,21:40:00,22:50:00,,,,,,,,
6E,1184,CMB,12 4 6 ,32Q,J,928,21:15:00,22:50:00,,,,,,,,
6E,472,COK,  3 5 7,32Q,J,696,21:40:00,22:50:00,,,,,,,,
6E,1184,CMB,  3 5 7,32Q,J,696,21:15:00,22:50:00,,,,,,,,
6E,7133,VGA,1234567,AT7,J,546,21:10:00,22:55:00,,,,,,,,
IX,1953,PAT,1234567,7M8,J,1134,20:05:00,22:55:00,,,,,,,,
IX,2839,PNQ,1 3 5 7,7M8,J,736,21:10:00,22:55:00,,,,,,,,
AI,2807,DEL,1234567,32N,J,1148,20:00:00,22:55:00,,,,,,,,
,,,,,,,,22:55:00,00:45:00,1295,J,7M8,1234567,BOM,1134,QP
IX,1379,NAG,1234567,32N,J,1302,21:10:00,23:00:00,,,,,,,,
,,,,,,,,23:00:00,00:15:00,368,J,7M8, 2 4   ,TRZ,5303,IX
6E,593,IXC,1234567,32Q,J,1554,19:50:00,23:00:00,,,,,,,,
6E,796,MAA,  3 5 7,32Q,J,696,22:00:00,23:00:00,,,,,,,,
6E,2772,VTZ,1234567,32N,J,1302,21:10:00,23:00:00,,,,,,,,
6E,796,MAA,12 4 6 ,32Q,J,928,22:00:00,23:00:00,,,,,,,,
,,,,,,,,23:05:00,00:45:00,1624,J,32Q,1234567,PNQ,116,6E
QP,1564,CCU,1234567,7M8,J,1295,20:20:00,23:05:00,,,,,,,,
,,,,,,,,23:05:00,06:10:00,1212,J,359,1 3 56 ,SIN,511,SQ
,,,,,,,,23:05:00,06:10:00,909,J,359, 2 4  7,SIN,511,SQ
9I,548,GOI,5,AT7,J,70,21:35:00,23:10:00,,,,,,,,
IX,1062,IXC,1234567,7M8,J,1288,19:55:00,23:10:00,,,,,,,,
KL,0879,AMS,12 4 6 ,781,J,1272,10:05:00,23:15:00,,,,,,,,
6E,7587,IXM,1234567,AT7,J,546,21:35:00,23:15:00,,,,,,,,
,,,,,,,,23:20:00,06:10:00,486,J,738, 2 4  7,KUL,242,OD
6E,6314,CCU, 2 4   ,32N,J,372,20:35:00,23:20:00,,,,,,,,
6E,6314,CCU,1    6 ,32N,J,372,20:35:00,23:20:00,,,,,,,,
6E,6314,CCU,  3 5  ,32Q,J,464,20:35:00,23:20:00,,,,,,,,
6E,6314,CCU,7,32Q,J,232,20:35:00,23:20:00,,,,,,,,
,,,,,,,,23:20:00,04:40:00,1260,J,320,1234567,DMK,138,FD
,,,,,,,,23:25:00,06:10:00,720,J,320,1 3 5 7,KUL,52,AK
6E,316,GAU,1234567,32Q,J,1624,20:05:00,23:25:00,,,,,,,,
6E,6188,BOM,1234567,32Q,J,1540,21:30:00,23:25:00,,,,,,,,
IX,2959,GAU,1234567,7M8,J,1323,20:15:00,23:30:00,,,,,,,,
SL,216,DMK,1 3 5 7,739,J,860,21:05:00,23:30:00,,,,,,,,
,,,,,,,,23:30:00,01:15:00,660,J,32Q,  3 5 7,BOM,6189,6E
,,,,,,,,23:30:00,02:20:00,660,J,32Q, 2 4 6 ,DEL,2313,6E
,,,,,,,,23:30:00,02:20:00,880,J,32Q,1 3 5 7,DEL,2313,6E
,,,,,,,,23:30:00,01:15:00,880,J,32Q,12 4 6 ,BOM,6189,6E
,,,,,,,,23:35:00,06:00:00,752,J,321,1 3 5 7,SGN,1802,VJ
AF,194,CDG,12 45  ,359,J,324,10:15:00,23:35:00,,,,,,,,
QP,1518,BOM,1234567,7M8,J,1295,21:45:00,23:35:00,,,,,,,,
AF,194,CDG, 23 567,332,J,1120,09:50:00,23:35:00,,,,,,,,
AF,194,CDG,1  4   ,359,J,324,10:15:00,23:35:00,,,,,,,,
QP,1824,DEL,1234567,7M8,J,1295,20:50:00,23:40:00,,,,,,,,
6E,6859,IXE,1234567,32N,J,1302,22:40:00,23:40:00,,,,,,,,
6E,6515,DEL,1234567,32Q,J,1540,20:45:00,23:40:00,,,,,,,,
,,,,,,,,23:40:00,01:45:00,1148,J,32N,1234567,BOM,2811,AI
6E,6744,IDR,1234567,32N,J,1302,21:40:00,23:45:00,,,,,,,,
6E,611,BBI,1 345 7,32N,J,930,21:40:00,23:45:00,,,,,,,,
6E,611,BBI, 2   6 ,32N,J,372,21:40:00,23:45:00,,,,,,,,
MH,192,KUL,1234567,73H,J,1218,22:00:00,23:45:00,,,,,,,,
,,,,,,,,23:45:00,06:00:00,368,J,321, 2    7,HAN,0982,VN
,,,,,,,,23:45:00,06:00:00,356,J,321,   4 6 ,HAN,0982,VN
6E,1038,KUL,1234567,32N,J,1302,21:55:00,23:50:00,,,,,,,,
IX,1373,VTZ, 2 4 6 ,7M8,J,552,22:10:00,23:50:00,,,,,,,,
IX,1373,VTZ,1 3 5 7,7M8,J,704,22:10:00,23:50:00,,,,,,,,
QP,1318,PNQ,1234567,7M8,J,1295,22:10:00,23:55:00,,,,,,,,
TG,325,BKK,1234567,359,J,2247,21:50:00,23:55:00,,,,,,,,
